condition_name,prefix_k,layer,gen_token_pos,mean_projection,std_projection,n_records,n_prompts
harmful_k00,0,16,0,3.506875,0.44405615905629925,25,25
harmful_k00,0,16,1,2.2303125,0.4611808591330836,25,25
harmful_k00,0,16,2,2.081171875,0.4677513776766023,25,25
harmful_k00,0,16,3,1.83677734375,0.5326253165060811,25,25
harmful_k00,0,16,4,2.12875,0.8513119614242846,25,25
harmful_k00,0,16,5,1.875546875,0.8208028668269904,25,25
harmful_k00,0,16,6,1.865,0.8074379382775632,25,25
harmful_k00,0,16,7,1.50107421875,1.0728872719781002,20,20
harmful_k00,0,16,8,0.7677176339285714,0.6521469073256315,14,14
harmful_k00,0,16,9,0.8872767857142857,0.5311104727487426,14,14
harmful_k00,0,16,10,0.7525111607142857,0.8954402439078372,14,14
harmful_k00,0,16,11,0.5198102678571429,0.8512322714027275,14,14
harmful_k00,0,16,12,0.6452287946428571,0.7384933077524943,14,14
harmful_k00,0,16,13,0.552734375,0.6125750964253418,14,14
harmful_k00,0,16,14,0.4237583705357143,0.7209541399202113,14,14
harmful_k00,0,16,15,0.6297433035714286,0.5313157063779603,14,14
harmful_k00,0,16,16,0.9806082589285714,0.21797120591257432,14,14
harmful_k00,0,16,17,1.0440848214285714,0.6671295375667107,7,7
harmful_k00,0,16,18,1.1962890625,0.84056337265388,4,4
harmful_k00,0,16,19,1.1572265625,0.565209538587032,4,4
harmful_k00,0,16,20,0.7001953125,0.39292778271794504,4,4
harmful_k00,0,16,21,0.47607421875,0.6248176308639016,4,4
harmful_k00,0,16,22,0.7265625,0.1992059840681039,4,4
harmful_k00,0,16,23,0.54638671875,0.26181772362864825,4,4
harmful_k00,0,16,24,0.912109375,0.7094953392902658,3,3
harmful_k00,0,16,25,1.0169270833333333,0.5711190429875551,3,3
harmful_k00,0,16,26,0.7962239583333334,0.3003010404995797,3,3
harmful_k00,0,16,27,0.9309895833333334,0.08234068621751238,3,3
harmful_k00,0,16,28,0.9205729166666666,0.2695689889038534,3,3
harmful_k00,0,16,29,0.6962890625,0.28035679019701004,2,2
harmful_k00,0,16,30,0.56884765625,0.5158288726038583,2,2
harmful_k00,0,16,31,-0.09375,0.7457766832826869,2,2
harmful_k00,0,16,32,-0.048828125,0.4308931947855524,2,2
harmful_k00,0,16,33,-0.114990234375,0.3097044837521158,2,2
harmful_k00,0,16,34,-0.064453125,1.2512475463965078,2,2
harmful_k00,0,16,35,-0.429443359375,0.4367627334965735,2,2
harmful_k00,0,16,36,-1.2421875,0.18782523875267668,2,2
harmful_k00,0,16,37,-2.109375,0.04419417382415922,2,2
harmful_k00,0,16,38,-1.21484375,0.2154465973927762,2,2
harmful_k00,0,16,39,-1.13671875,0.3590776623212937,2,2
harmful_k00,0,16,40,-0.71875,0.24859222776089562,2,2
harmful_k00,0,16,41,-1.26953125,0.8673106612991247,2,2
harmful_k00,0,16,42,-1.66796875,0.016572815184059706,2,2
harmful_k00,0,16,43,-1.6796875,0.15467960838455727,2,2
harmful_k00,0,16,44,-2.1484375,0.14363106492851746,2,2
harmful_k00,0,16,45,-2.01171875,0.7789223136508062,2,2
harmful_k00,0,16,46,-1.48828125,0.9446504654914033,2,2
harmful_k00,0,20,0,5.45625,0.4553644373832166,25,25
harmful_k00,0,20,1,3.07875,0.686326087017938,25,25
harmful_k00,0,20,2,2.699619140625,0.8530328721826435,25,25
harmful_k00,0,20,3,2.036875,1.0370548626210367,25,25
harmful_k00,0,20,4,2.3053125,1.208999457195908,25,25
harmful_k00,0,20,5,2.3121875,1.2612338625805253,25,25
harmful_k00,0,20,6,2.4715625,1.3729211617117865,25,25
harmful_k00,0,20,7,1.926953125,1.3925693159415409,20,20
harmful_k00,0,20,8,1.3588169642857142,1.3752405830750887,14,14
harmful_k00,0,20,9,1.4333147321428572,1.1134435655602593,14,14
harmful_k00,0,20,10,1.552734375,1.4107639475396245,14,14
harmful_k00,0,20,11,1.0913783482142858,1.3732775971852835,14,14
harmful_k00,0,20,12,1.059814453125,1.251309175093879,14,14
harmful_k00,0,20,13,0.845703125,1.3636972533816694,14,14
harmful_k00,0,20,14,0.5385393415178571,1.1454846048050595,14,14
harmful_k00,0,20,15,0.4741908482142857,0.9201711823837561,14,14
harmful_k00,0,20,16,0.8297991071428571,0.672911408343408,14,14
harmful_k00,0,20,17,0.8646763392857143,1.0480274832701857,7,7
harmful_k00,0,20,18,1.056884765625,1.4807556733200857,4,4
harmful_k00,0,20,19,1.5751953125,0.9622776848145537,4,4
harmful_k00,0,20,20,0.3995361328125,1.2586469468931596,4,4
harmful_k00,0,20,21,0.0255126953125,1.4403044599850936,4,4
harmful_k00,0,20,22,0.44482421875,1.414556202841339,4,4
harmful_k00,0,20,23,0.575927734375,0.9960989758722189,4,4
harmful_k00,0,20,24,1.2356770833333333,1.4477193501268715,3,3
harmful_k00,0,20,25,1.2083333333333333,0.2806344537197515,3,3
harmful_k00,0,20,26,0.8268229166666666,0.1648202984898123,3,3
harmful_k00,0,20,27,1.0911458333333333,0.1478882381718821,3,3
harmful_k00,0,20,28,0.9153645833333334,0.32288253767898445,3,3
harmful_k00,0,20,29,0.515625,0.2596407712169354,2,2
harmful_k00,0,20,30,0.3896484375,0.17815776322864185,2,2
harmful_k00,0,20,31,-0.556884765625,0.7481935521636955,2,2
harmful_k00,0,20,32,-0.77734375,0.09391261937633834,2,2
harmful_k00,0,20,33,-0.904296875,0.05800485314420897,2,2
harmful_k00,0,20,34,-0.876068115234375,1.2469748674818675,2,2
harmful_k00,0,20,35,-1.4375,0.5855728031701096,2,2
harmful_k00,0,20,36,-2.328125,0.2651650429449553,2,2
harmful_k00,0,20,37,-3.0625,0.04419417382415922,2,2
harmful_k00,0,20,38,-2.390625,0.1767766952966369,2,2
harmful_k00,0,20,39,-2.3515625,0.09943689110435824,2,2
harmful_k00,0,20,40,-2.078125,0.08838834764831845,2,2
harmful_k00,0,20,41,-1.951171875,1.7263349150062195,2,2
harmful_k00,0,20,42,-2.84375,0.02209708691207961,2,2
harmful_k00,0,20,43,-3.015625,0.4198446513295126,2,2
harmful_k00,0,20,44,-3.2578125,0.03314563036811941,2,2
harmful_k00,0,20,45,-3.0625,0.4419417382415922,2,2
harmful_k00,0,20,46,-2.42578125,1.69595142050211,2,2
harmful_k00,0,24,0,5.31,0.22242449561592814,25,25
harmful_k00,0,24,1,3.22642578125,1.0965888422645405,25,25
harmful_k00,0,24,2,2.6025,1.4189392770217475,25,25
harmful_k00,0,24,3,1.233125,1.8934969255576715,25,25
harmful_k00,0,24,4,1.2359375,2.0637847289951208,25,25
harmful_k00,0,24,5,1.7496875,1.722432548778368,25,25
harmful_k00,0,24,6,2.18125,2.186512751551043,25,25
harmful_k00,0,24,7,1.1068359375,2.366089490371582,20,20
harmful_k00,0,24,8,0.8928571428571429,2.3520958748772394,14,14
harmful_k00,0,24,9,1.1595982142857142,2.1493687105274986,14,14
harmful_k00,0,24,10,1.5142299107142858,2.708444877986705,14,14
harmful_k00,0,24,11,0.79052734375,2.9737487161339833,14,14
harmful_k00,0,24,12,0.47935267857142855,2.7527449681617564,14,14
harmful_k00,0,24,13,-0.05524553571428571,2.644907315618396,14,14
harmful_k00,0,24,14,-0.5581752232142857,2.24442875403694,14,14
harmful_k00,0,24,15,-0.6233258928571429,1.96987679449523,14,14
harmful_k00,0,24,16,-0.6125390189034599,1.4354646762209635,14,14
harmful_k00,0,24,17,-0.8241489955357143,2.1276869602395125,7,7
harmful_k00,0,24,18,-0.5859375,2.8737117811363175,4,4
harmful_k00,0,24,19,-0.423370361328125,0.8922577351818424,4,4
harmful_k00,0,24,20,-1.8271484375,3.1784945662886432,4,4
harmful_k00,0,24,21,-1.75390625,3.0333802383764743,4,4
harmful_k00,0,24,22,-1.5859375,3.4166150593155304,4,4
harmful_k00,0,24,23,-0.9658203125,2.874878590549589,4,4
harmful_k00,0,24,24,-0.5794270833333334,2.611527033296424,3,3
harmful_k00,0,24,25,-1.0625,2.443065061460961,3,3
harmful_k00,0,24,26,-1.8255208333333333,2.1847126959401515,3,3
harmful_k00,0,24,27,-1.140625,1.758402678702677,3,3
harmful_k00,0,24,28,-1.9140625,1.4160035021032786,3,3
harmful_k00,0,24,29,-2.9453125,1.3589708450928961,2,2
harmful_k00,0,24,30,-2.5,0.08838834764831845,2,2
harmful_k00,0,24,31,-3.9921875,0.18782523875267668,2,2
harmful_k00,0,24,32,-4.234375,0.4640388251536718,2,2
harmful_k00,0,24,33,-4.453125,0.06629126073623882,2,2
harmful_k00,0,24,34,-4.6953125,1.756718409510329,2,2
harmful_k00,0,24,35,-4.1171875,1.823009670246568,2,2
harmful_k00,0,24,36,-5.984375,0.508232998977831,2,2
harmful_k00,0,24,37,-5.75,0.04419417382415922,2,2
harmful_k00,0,24,38,-6.0625,0.08838834764831845,2,2
harmful_k00,0,24,39,-6.0,0.2209708691207961,2,2
harmful_k00,0,24,40,-4.265625,0.2872621298570349,2,2
harmful_k00,0,24,41,-4.3203125,2.4196310168727173,2,2
harmful_k00,0,24,42,-5.984375,0.8617863895711048,2,2
harmful_k00,0,24,43,-7.03125,0.7513009550107067,2,2
harmful_k00,0,24,44,-6.5625,0.5745242597140698,2,2
harmful_k00,0,24,45,-5.75,1.0606601717798212,2,2
harmful_k00,0,24,46,-5.5234375,3.679164970861255,2,2
harmful_k00,0,27,0,4.49625,0.40947438361066385,25,25
harmful_k00,0,27,1,2.599375,1.4052812780285677,25,25
harmful_k00,0,27,2,1.81375,1.6340341945698194,25,25
harmful_k00,0,27,3,0.66859375,2.5148450519818715,25,25
harmful_k00,0,27,4,0.3972998046875,2.680975071461873,25,25
harmful_k00,0,27,5,1.465625,1.9977200546289429,25,25
harmful_k00,0,27,6,2.2726953125,3.055381719171836,25,25
harmful_k00,0,27,7,0.790087890625,3.554141388968372,20,20
harmful_k00,0,27,8,-0.33021763392857145,2.9602507806095537,14,14
harmful_k00,0,27,9,0.15841238839285715,2.6896471151794956,14,14
harmful_k00,0,27,10,0.7622767857142857,3.7423144830080948,14,14
harmful_k00,0,27,11,-0.10770089285714286,3.94045502402722,14,14
harmful_k00,0,27,12,-1.1344495500837053,2.807552961491552,14,14
harmful_k00,0,27,13,-2.0106026785714284,2.8282783192989607,14,14
harmful_k00,0,27,14,-2.0702950613839284,2.7366035191128817,14,14
harmful_k00,0,27,15,-1.4973493303571428,2.3386985586571414,14,14
harmful_k00,0,27,16,-0.9341517857142857,2.688991118345566,14,14
harmful_k00,0,27,17,-1.6253487723214286,2.8401870305175825,7,7
harmful_k00,0,27,18,-1.458984375,3.7773599081867433,4,4
harmful_k00,0,27,19,-1.8270263671875,1.3576451765122417,4,4
harmful_k00,0,27,20,-3.6162109375,3.259417656058264,4,4
harmful_k00,0,27,21,-3.630859375,3.7051098704381538,4,4
harmful_k00,0,27,22,-3.265625,4.611660803288045,4,4
harmful_k00,0,27,23,-2.01953125,4.44690034617396,4,4
harmful_k00,0,27,24,-2.72271728515625,2.5337398220809626,3,3
harmful_k00,0,27,25,-3.5143229166666665,3.6112015411270004,3,3
harmful_k00,0,27,26,-4.360026041666667,3.6054075600283393,3,3
harmful_k00,0,27,27,-3.677734375,3.4951721681638834,3,3
harmful_k00,0,27,28,-4.42822265625,3.9385692718891723,3,3
harmful_k00,0,27,29,-6.90625,1.5467960838455728,2,2
harmful_k00,0,27,30,-6.4375,0.8396893026590252,2,2
harmful_k00,0,27,31,-8.59375,0.397747564417433,2,2
harmful_k00,0,27,32,-6.84375,2.5190679079770755,2,2
harmful_k00,0,27,33,-6.9375,1.8561553006146871,2,2
harmful_k00,0,27,34,-6.421875,2.7621358640099514,2,2
harmful_k00,0,27,35,-6.234375,0.4198446513295126,2,2
harmful_k00,0,27,36,-8.9375,0.795495128834866,2,2
harmful_k00,0,27,37,-8.03125,0.397747564417433,2,2
harmful_k00,0,27,38,-8.9375,0.5303300858899106,2,2
harmful_k00,0,27,39,-8.90625,0.397747564417433,2,2
harmful_k00,0,27,40,-5.8125,0.30935921676911454,2,2
harmful_k00,0,27,41,-6.578125,2.6295533425374735,2,2
harmful_k00,0,27,42,-8.046875,0.11048543456039805,2,2
harmful_k00,0,27,43,-9.34375,1.193242693252299,2,2
harmful_k00,0,27,44,-9.0625,0.9722718241315028,2,2
harmful_k00,0,27,45,-8.59375,0.2209708691207961,2,2
harmful_k00,0,27,46,-8.953125,4.662485338448798,2,2
harmful_k03,3,16,0,0.805654296875,0.6566714359568533,25,25
harmful_k03,3,16,1,1.339228515625,0.9652575047664035,25,25
harmful_k03,3,16,2,0.15548828125,0.730159048973992,25,25
harmful_k03,3,16,3,0.1906396484375,0.9508208277313461,25,25
harmful_k03,3,16,4,0.562158203125,0.8714024120928249,25,25
harmful_k03,3,16,5,0.7901953125,1.0379102118092458,25,25
harmful_k03,3,16,6,0.5744921875,1.0557236663619876,25,25
harmful_k03,3,16,7,0.15412109375,1.0647601312395818,25,25
harmful_k03,3,16,8,-0.075462646484375,1.1426970992297503,25,25
harmful_k03,3,16,9,-0.06810546875,1.4280697514860774,25,25
harmful_k03,3,16,10,0.15926240921020507,1.2848019401907114,25,25
harmful_k03,3,16,11,0.25615234375,1.3989501950994665,25,25
harmful_k03,3,16,12,0.68193359375,1.459940592306157,25,25
harmful_k03,3,16,13,1.100078125,1.5505770524348563,25,25
harmful_k03,3,16,14,0.7023722330729166,1.4708778570789929,24,24
harmful_k03,3,16,15,0.9083048502604166,1.2746828774225472,24,24
harmful_k03,3,16,16,0.76171875,1.351022202495403,24,24
harmful_k03,3,16,17,0.6792195638020834,1.2932699500640694,24,24
harmful_k03,3,16,18,0.73187255859375,1.3642729733768506,24,24
harmful_k03,3,16,19,0.8492431640625,0.9942248230481038,24,24
harmful_k03,3,16,20,0.7389322916666666,1.0766825618504259,24,24
harmful_k03,3,16,21,0.6055399576822916,1.09644916092613,24,24
harmful_k03,3,16,22,0.64801025390625,1.0402643044316937,24,24
harmful_k03,3,16,23,0.45263671875,1.0063493919063862,24,24
harmful_k03,3,16,24,0.4781392415364583,1.0723063529499457,24,24
harmful_k03,3,16,25,0.264404296875,1.1188338557077322,24,24
harmful_k03,3,16,26,0.13006591796875,1.1004912837280723,24,24
harmful_k03,3,16,27,0.021728515625,1.139051040402479,24,24
harmful_k03,3,16,28,-0.047709147135416664,1.263222835350934,24,24
harmful_k03,3,16,29,-0.07396399456521739,0.9357534249794247,23,23
harmful_k03,3,16,30,-0.23383364470108695,0.9819571564879805,23,23
harmful_k03,3,16,31,-0.6303923233695652,1.0156465058965316,23,23
harmful_k03,3,16,32,-0.2722061820652174,1.1218448366273654,23,23
harmful_k03,3,16,33,-0.2745414402173913,1.1302685645852855,23,23
harmful_k03,3,16,34,-0.14618716032608695,1.1133418137146711,23,23
harmful_k03,3,16,35,-0.2545219089673913,1.0973030760474296,23,23
harmful_k03,3,16,36,-0.36587126358695654,1.035321381784494,23,23
harmful_k03,3,16,37,-0.10270889945652174,0.9474647904208537,23,23
harmful_k03,3,16,38,-0.13392440132472827,1.168520909119871,23,23
harmful_k03,3,16,39,-0.4903617527173913,1.0553209062767863,23,23
harmful_k03,3,16,40,-0.6356997282608695,1.1528627414871477,23,23
harmful_k03,3,16,41,-0.584610648777174,0.9890271053149483,23,23
harmful_k03,3,16,42,-0.5956447435461957,1.236286258423937,23,23
harmful_k03,3,16,43,-0.47404280952785327,1.29826812303548,23,23
harmful_k03,3,16,44,-0.5867017663043478,1.294089526045101,23,23
harmful_k03,3,16,45,-0.7048737899116848,1.104193691887482,23,23
harmful_k03,3,16,46,-0.4898522418478261,1.2174392352315697,23,23
harmful_k03,3,20,0,0.6499609375,0.9233395459440071,25,25
harmful_k03,3,20,1,0.381591796875,1.0587201952051253,25,25
harmful_k03,3,20,2,-0.547939453125,0.8309369446617625,25,25
harmful_k03,3,20,3,-0.6398828125,1.1232931480285218,25,25
harmful_k03,3,20,4,-0.35505859375,1.0122807897305406,25,25
harmful_k03,3,20,5,-0.081142578125,1.1991918829642985,25,25
harmful_k03,3,20,6,-0.3396875,1.3903668819145794,25,25
harmful_k03,3,20,7,-0.6685546875,1.5557502424176681,25,25
harmful_k03,3,20,8,-0.90474609375,1.6420090418383515,25,25
harmful_k03,3,20,9,-0.9007421875,1.8151233341148187,25,25
harmful_k03,3,20,10,-0.519453125,1.9498712912900291,25,25
harmful_k03,3,20,11,-0.536708984375,1.8743933767656158,25,25
harmful_k03,3,20,12,0.0899609375,2.0640779550971464,25,25
harmful_k03,3,20,13,0.5569921875,1.9919106460380507,25,25
harmful_k03,3,20,14,0.20654296875,1.9088220299267833,24,24
harmful_k03,3,20,15,0.7628173828125,1.8389272520803326,24,24
harmful_k03,3,20,16,0.3045908610026042,1.915172379335584,24,24
harmful_k03,3,20,17,0.3720550537109375,1.6770274632103703,24,24
harmful_k03,3,20,18,0.4503275553385417,1.8278514567805908,24,24
harmful_k03,3,20,19,0.365264892578125,1.4334054482481453,24,24
harmful_k03,3,20,20,0.3668619791666667,1.570004552304445,24,24
harmful_k03,3,20,21,0.2672220865885417,1.5799303717798663,24,24
harmful_k03,3,20,22,0.2531929016113281,1.544769286383616,24,24
harmful_k03,3,20,23,0.0479736328125,1.3703430475721476,24,24
harmful_k03,3,20,24,0.10648600260416667,1.334901548505387,24,24
harmful_k03,3,20,25,-0.22614288330078125,1.3091165832807443,24,24
harmful_k03,3,20,26,-0.4075978597005208,1.3001187392093645,24,24
harmful_k03,3,20,27,-0.4061686197916667,1.4745428985482365,24,24
harmful_k03,3,20,28,-0.4792683919270833,1.614348867271082,24,24
harmful_k03,3,20,29,-0.6262724503226902,1.129652113490774,23,23
harmful_k03,3,20,30,-0.7638629415760869,1.1991664319440862,23,23
harmful_k03,3,20,31,-1.2144801927649456,1.3536850664791633,23,23
harmful_k03,3,20,32,-0.6948029891304348,1.6812189744434942,23,23
harmful_k03,3,20,33,-0.7087083899456522,1.6857602407109273,23,23
harmful_k03,3,20,34,-0.7122855808423914,1.5161995230000296,23,23
harmful_k03,3,20,35,-0.8487018087635869,1.3727758014099705,23,23
harmful_k03,3,20,36,-0.9296238111413043,1.3788003524080783,23,23
harmful_k03,3,20,37,-0.4714766792629076,1.2575642163141048,23,23
harmful_k03,3,20,38,-0.4048913043478261,1.6450138126648879,23,23
harmful_k03,3,20,39,-1.0793403957201086,1.3328474918151183,23,23
harmful_k03,3,20,40,-1.275093410326087,1.3370453895618721,23,23
harmful_k03,3,20,41,-1.2490712041440217,1.0951605449985657,23,23
harmful_k03,3,20,42,-1.1015200407608696,1.4572715768447437,23,23
harmful_k03,3,20,43,-1.0153702445652173,1.5507683417833857,23,23
harmful_k03,3,20,44,-1.0925133746603262,1.6437507529774338,23,23
harmful_k03,3,20,45,-1.136527683423913,1.303640002112853,23,23
harmful_k03,3,20,46,-0.8877802309782609,1.5796046125399472,23,23
harmful_k03,3,24,0,-0.393369140625,1.7039964372477499,25,25
harmful_k03,3,24,1,-2.596796875,1.8232211845726094,25,25
harmful_k03,3,24,2,-3.2428125,1.753330034221451,25,25
harmful_k03,3,24,3,-2.7403125,1.755516845877263,25,25
harmful_k03,3,24,4,-2.74806640625,1.911691385418098,25,25
harmful_k03,3,24,5,-2.920703125,1.957308832661414,25,25
harmful_k03,3,24,6,-3.03892578125,1.8885884285671404,25,25
harmful_k03,3,24,7,-3.36484375,2.3524112964950676,25,25
harmful_k03,3,24,8,-3.6026171875,2.3638206977247203,25,25
harmful_k03,3,24,9,-3.763359375,2.5202006035135116,25,25
harmful_k03,3,24,10,-3.411640625,2.8710792056037504,25,25
harmful_k03,3,24,11,-3.281598663330078,2.760129712768676,25,25
harmful_k03,3,24,12,-2.8489453125,2.891791563240878,25,25
harmful_k03,3,24,13,-2.099580078125,2.558091892711975,25,25
harmful_k03,3,24,14,-2.6185709635416665,2.6287239186124034,24,24
harmful_k03,3,24,15,-1.833221435546875,2.368379884919683,24,24
harmful_k03,3,24,16,-2.51318359375,2.484765263886181,24,24
harmful_k03,3,24,17,-2.3736165364583335,2.183300729624842,24,24
harmful_k03,3,24,18,-2.5073038736979165,2.2572281115947312,24,24
harmful_k03,3,24,19,-2.4237060546875,2.0195896626895857,24,24
harmful_k03,3,24,20,-2.181884765625,2.2640396404998104,24,24
harmful_k03,3,24,21,-1.931243896484375,2.2057437780794538,24,24
harmful_k03,3,24,22,-2.2642415364583335,2.1849839409093277,24,24
harmful_k03,3,24,23,-2.595062255859375,2.100005509254409,24,24
harmful_k03,3,24,24,-2.259521484375,1.8897713513540557,24,24
harmful_k03,3,24,25,-2.89599609375,1.9081436507172254,24,24
harmful_k03,3,24,26,-2.9163411458333335,1.6866872471398746,24,24
harmful_k03,3,24,27,-3.135986328125,1.9158110923430076,24,24
harmful_k03,3,24,28,-3.3076985677083335,2.0140692047907547,24,24
harmful_k03,3,24,29,-3.595108695652174,1.5927812413569782,23,23
harmful_k03,3,24,30,-3.989130434782609,1.596961481259135,23,23
harmful_k03,3,24,31,-4.08984375,1.616358260030609,23,23
harmful_k03,3,24,32,-3.4392806343410327,2.185631356767145,23,23
harmful_k03,3,24,33,-3.3322860054347827,2.109012317596985,23,23
harmful_k03,3,24,34,-3.815302309782609,2.006173992944837,23,23
harmful_k03,3,24,35,-3.9707455842391304,1.8991258754672595,23,23
harmful_k03,3,24,36,-3.8884171195652173,1.5793045324044426,23,23
harmful_k03,3,24,37,-3.265073029891304,1.7931821929419558,23,23
harmful_k03,3,24,38,-3.317934782608696,2.2016567515212873,23,23
harmful_k03,3,24,39,-3.7958559782608696,1.8309005256661297,23,23
harmful_k03,3,24,40,-4.381793478260869,1.6284166038848311,23,23
harmful_k03,3,24,41,-4.503396739130435,1.4188040992149376,23,23
harmful_k03,3,24,42,-3.9707880434782608,2.0316023069026903,23,23
harmful_k03,3,24,43,-4.020380434782608,2.238216782164006,23,23
harmful_k03,3,24,44,-4.046195652173913,2.3236172625104348,23,23
harmful_k03,3,24,45,-4.063603940217392,1.6313915148610072,23,23
harmful_k03,3,24,46,-3.5737516983695654,2.074840980561004,23,23
harmful_k03,3,27,0,-2.05109375,2.0659398133828453,25,25
harmful_k03,3,27,1,-4.37796875,2.2130286093527585,25,25
harmful_k03,3,27,2,-5.165,2.4080717197691777,25,25
harmful_k03,3,27,3,-4.16390625,2.3584611765938934,25,25
harmful_k03,3,27,4,-4.5378125,2.3052909366260548,25,25
harmful_k03,3,27,5,-4.786015625,2.794494870967257,25,25
harmful_k03,3,27,6,-5.3334375,2.735746233558055,25,25
harmful_k03,3,27,7,-5.775,3.0154259703319006,25,25
harmful_k03,3,27,8,-5.47298828125,3.0244845720972777,25,25
harmful_k03,3,27,9,-5.69953125,3.440783957523381,25,25
harmful_k03,3,27,10,-5.34453125,3.621969074018238,25,25
harmful_k03,3,27,11,-5.09125,3.4246908656295005,25,25
harmful_k03,3,27,12,-4.47365234375,3.769023708191006,25,25
harmful_k03,3,27,13,-3.515546875,3.2139268054298946,25,25
harmful_k03,3,27,14,-4.0135498046875,3.2809760293254406,24,24
harmful_k03,3,27,15,-3.7877604166666665,2.8223245775931285,24,24
harmful_k03,3,27,16,-4.760009765625,2.9753075879344655,24,24
harmful_k03,3,27,17,-4.234456380208333,2.6495679069135396,24,24
harmful_k03,3,27,18,-4.490885416666667,3.0147824440594477,24,24
harmful_k03,3,27,19,-4.533447265625,2.7731091278653945,24,24
harmful_k03,3,27,20,-4.397298177083333,2.8507712476065654,24,24
harmful_k03,3,27,21,-4.291178385416667,2.7635333863957774,24,24
harmful_k03,3,27,22,-4.64990234375,2.411465129018214,24,24
harmful_k03,3,27,23,-4.9019775390625,2.6521979652991066,24,24
harmful_k03,3,27,24,-4.445231119791667,2.5187753278601805,24,24
harmful_k03,3,27,25,-5.24542236328125,2.59668506800338,24,24
harmful_k03,3,27,26,-5.581380208333333,1.9798724442983198,24,24
harmful_k03,3,27,27,-5.707682291666667,2.7285603127046327,24,24
harmful_k03,3,27,28,-5.215861002604167,2.7868098156518677,24,24
harmful_k03,3,27,29,-6.194293478260869,1.8245632679527315,23,23
harmful_k03,3,27,30,-7.006793478260869,2.0069283962095783,23,23
harmful_k03,3,27,31,-6.840353260869565,2.073125803591594,23,23
harmful_k03,3,27,32,-6.039826766304348,2.7774364437962915,23,23
harmful_k03,3,27,33,-5.5838145380434785,2.5005197791348945,23,23
harmful_k03,3,27,34,-5.873641304347826,2.947044843523133,23,23
harmful_k03,3,27,35,-6.187839673913044,2.6024980810092813,23,23
harmful_k03,3,27,36,-6.165760869565218,2.1789439975544935,23,23
harmful_k03,3,27,37,-5.278277853260869,2.5686512044149192,23,23
harmful_k03,3,27,38,-6.041779891304348,2.777159552987265,23,23
harmful_k03,3,27,39,-6.150815217391305,2.3933592443406764,23,23
harmful_k03,3,27,40,-6.944123641304348,2.2238431094545756,23,23
harmful_k03,3,27,41,-6.817255434782608,2.083620312291322,23,23
harmful_k03,3,27,42,-6.7325917119565215,2.6523316500272283,23,23
harmful_k03,3,27,43,-6.4376698369565215,2.561040824896196,23,23
harmful_k03,3,27,44,-6.711574388586956,3.20214032327709,23,23
harmful_k03,3,27,45,-6.578125,1.7856865105388613,23,23
harmful_k03,3,27,46,-5.879415760869565,2.6460856098298375,23,23
harmful_k10,10,16,0,1.45873046875,0.6891544133688026,25,25
harmful_k10,10,16,1,0.82427734375,1.28745728023728,25,25
harmful_k10,10,16,2,0.8017724609375,0.8900192751877778,25,25
harmful_k10,10,16,3,0.981640625,1.4827291633386663,25,25
harmful_k10,10,16,4,1.223359375,1.3129550060379243,25,25
harmful_k10,10,16,5,0.84515625,1.375147438236359,25,25
harmful_k10,10,16,6,0.73453125,1.5313830591635882,25,25
harmful_k10,10,16,7,0.627578125,1.6161350844486082,25,25
harmful_k10,10,16,8,0.353515625,1.384880302117517,24,24
harmful_k10,10,16,9,0.09873498004415761,1.1908083657580826,23,23
harmful_k10,10,16,10,-0.008555536684782608,1.0912117362746365,23,23
harmful_k10,10,16,11,-0.00033967391304347825,1.3221370280303157,23,23
harmful_k10,10,16,12,-0.14334239130434784,1.186170315650985,23,23
harmful_k10,10,16,13,-0.2507218070652174,1.133844900044733,23,23
harmful_k10,10,16,14,-0.13202700407608695,1.1364752435516636,23,23
harmful_k10,10,16,15,-0.11005965523097826,1.2697599579742989,23,23
harmful_k10,10,16,16,0.039370329483695655,1.468012505096383,23,23
harmful_k10,10,16,17,-0.18842348845108695,1.231792923042607,23,23
harmful_k10,10,16,18,-0.49772843070652173,1.1074945786143593,23,23
harmful_k10,10,16,19,-0.5969432484019886,0.9078627967600061,22,22
harmful_k10,10,16,20,-0.6303357211026278,1.1619417958274167,22,22
harmful_k10,10,16,21,-0.4623080166903409,1.246472846667424,22,22
harmful_k10,10,16,22,-0.5700905539772727,1.2463548529576935,22,22
harmful_k10,10,16,23,-0.27725074404761907,1.280890592259668,21,21
harmful_k10,10,16,24,-0.5580051967075893,1.2126125660096203,21,21
harmful_k10,10,16,25,-0.6628999255952381,1.1383461276026017,21,21
harmful_k10,10,16,26,-0.5083705357142857,1.183124091865065,21,21
harmful_k10,10,16,27,-0.7550339471726191,1.1418024660723094,21,21
harmful_k10,10,16,28,-0.6839192708333334,1.1760513992289785,21,21
harmful_k10,10,16,29,-0.8380795433407738,1.2168355203778207,21,21
harmful_k10,10,16,30,-0.6390904017857143,1.2135601392346127,21,21
harmful_k10,10,16,31,-0.7495349702380952,0.8806871940492398,21,21
harmful_k10,10,16,32,-0.8019903273809523,1.0012396712496399,21,21
harmful_k10,10,16,33,-0.8949294317336309,1.0478292830124327,21,21
harmful_k10,10,16,34,-0.6637834821428571,0.999854322449154,21,21
harmful_k10,10,16,35,-0.7161574590773809,1.049210731084266,21,21
harmful_k10,10,16,36,-0.8141973586309523,1.0626522361192434,21,21
harmful_k10,10,16,37,-1.0811128162202381,0.8406244948175106,21,21
harmful_k10,10,16,38,-1.0551060267857142,0.7673555440385003,21,21
harmful_k10,10,16,39,-0.9327799479166666,0.9477598347020701,21,21
harmful_k10,10,16,40,-1.0121561686197917,0.8608893675757424,21,21
harmful_k10,10,16,41,-1.0110880533854167,1.1115194453215396,21,21
harmful_k10,10,16,42,-1.0917387462797619,0.9527999758523225,21,21
harmful_k10,10,16,43,-0.8615606398809523,0.9891120358161614,21,21
harmful_k10,10,16,44,-0.8051525297619048,0.8912389208864812,21,21
harmful_k10,10,16,45,-0.8067336309523809,0.8143607271550637,21,21
harmful_k10,10,16,46,-0.9035063244047619,0.7631045598877033,21,21
harmful_k10,10,20,0,1.15333984375,0.8074707055855493,25,25
harmful_k10,10,20,1,1.1587109375,1.659817036279663,25,25
harmful_k10,10,20,2,0.503662109375,1.3753638183558494,25,25
harmful_k10,10,20,3,1.10265625,2.133480285510534,25,25
harmful_k10,10,20,4,1.3331640625,2.090532662139622,25,25
harmful_k10,10,20,5,0.7915234375,2.031035957209709,25,25
harmful_k10,10,20,6,0.499169921875,2.054778540640669,25,25
harmful_k10,10,20,7,0.242568359375,2.138124246702161,25,25
harmful_k10,10,20,8,-0.238433837890625,1.9020863940373751,24,24
harmful_k10,10,20,9,-0.20176630434782608,1.6764641701450542,23,23
harmful_k10,10,20,10,-0.43002717391304346,1.5918646721756093,23,23
harmful_k10,10,20,11,-0.5961471225904382,1.983780859910611,23,23
harmful_k10,10,20,12,-0.7140688688858695,1.6751276697590018,23,23
harmful_k10,10,20,13,-0.9065684442934783,1.5357393801377839,23,23
harmful_k10,10,20,14,-0.7018936820652174,1.4078177979164577,23,23
harmful_k10,10,20,15,-0.7110383406929348,1.5382227913669018,23,23
harmful_k10,10,20,16,-0.4747367527173913,1.8337604370394094,23,23
harmful_k10,10,20,17,-0.578475288722826,1.5368057676022862,23,23
harmful_k10,10,20,18,-1.166206691576087,1.1496615211319998,23,23
harmful_k10,10,20,19,-1.34698486328125,1.0186970370110602,22,22
harmful_k10,10,20,20,-1.4739435369318181,1.1589581165221063,22,22
harmful_k10,10,20,21,-1.2213245738636365,1.2574933489190347,22,22
harmful_k10,10,20,22,-1.1649724786931819,1.4357977658585492,22,22
harmful_k10,10,20,23,-0.7596726190476191,1.4961025755224855,21,21
harmful_k10,10,20,24,-1.2098214285714286,1.5044987382295352,21,21
harmful_k10,10,20,25,-1.4536830357142858,1.3508742352695926,21,21
harmful_k10,10,20,26,-1.1936848958333333,1.198102314150053,21,21
harmful_k10,10,20,27,-1.3498418898809523,1.189787254260109,21,21
harmful_k10,10,20,28,-1.4808291480654763,1.0810804730822736,21,21
harmful_k10,10,20,29,-1.5753348214285714,1.3109477095528712,21,21
harmful_k10,10,20,30,-1.4508696056547619,1.1352825777229403,21,21
harmful_k10,10,20,31,-1.5051037016369047,1.140896636559094,21,21
harmful_k10,10,20,32,-1.634858630952381,0.9955832170895095,21,21
harmful_k10,10,20,33,-1.615141369047619,1.385010842537766,21,21
harmful_k10,10,20,34,-1.3585670107886905,1.1355736306303557,21,21
harmful_k10,10,20,35,-1.3283240908668155,1.0877290548207976,21,21
harmful_k10,10,20,36,-1.4441731770833333,1.1265224257425535,21,21
harmful_k10,10,20,37,-1.7406063988095237,0.9684502156819271,21,21
harmful_k10,10,20,38,-1.6551339285714286,0.8200372890806252,21,21
harmful_k10,10,20,39,-1.5373883928571428,1.103118885352163,21,21
harmful_k10,10,20,40,-1.6996605282738095,0.9554522247602406,21,21
harmful_k10,10,20,41,-1.9696800595238095,1.0301810753637315,21,21
harmful_k10,10,20,42,-1.9297703334263392,0.9686150600654226,21,21
harmful_k10,10,20,43,-1.6443917410714286,1.1762739817443455,21,21
harmful_k10,10,20,44,-1.4579496837797619,0.9579217120561008,21,21
harmful_k10,10,20,45,-1.6322544642857142,1.211573853533892,21,21
harmful_k10,10,20,46,-1.5835658482142858,0.8375474245353351,21,21
harmful_k10,10,24,0,-0.8232421875,1.2523380031124638,25,25
harmful_k10,10,24,1,-0.63927734375,2.6348973188957214,25,25
harmful_k10,10,24,2,-1.4878125,2.2618964920083977,25,25
harmful_k10,10,24,3,-0.808330078125,2.5058067416547853,25,25
harmful_k10,10,24,4,-0.6459375,3.1395395162385578,25,25
harmful_k10,10,24,5,-0.9923828125,2.932752790945785,25,25
harmful_k10,10,24,6,-1.7153515625,2.688653552271745,25,25
harmful_k10,10,24,7,-1.91984375,2.646442181878447,25,25
harmful_k10,10,24,8,-2.4983723958333335,2.7354120016976684,24,24
harmful_k10,10,24,9,-2.2226987092391304,2.7897276755685585,23,23
harmful_k10,10,24,10,-2.729364809782609,2.573630025655967,23,23
harmful_k10,10,24,11,-3.174422554347826,2.747474105273852,23,23
harmful_k10,10,24,12,-3.2598505434782608,2.5333173281663512,23,23
harmful_k10,10,24,13,-3.450322690217391,2.245499460201157,23,23
harmful_k10,10,24,14,-3.2155867866847827,2.220675141810415,23,23
harmful_k10,10,24,15,-3.419624660326087,2.138403444028129,23,23
harmful_k10,10,24,16,-3.2145040760869565,2.3937712558858486,23,23
harmful_k10,10,24,17,-3.402768342391304,2.163446408448886,23,23
harmful_k10,10,24,18,-4.0458984375,1.6229622875907515,23,23
harmful_k10,10,24,19,-4.291193181818182,1.3979129973306854,22,22
harmful_k10,10,24,20,-4.377291592684659,1.6058307195599146,22,22
harmful_k10,10,24,21,-4.251065340909091,1.6767221808501664,22,22
harmful_k10,10,24,22,-4.103338068181818,1.9650379720616107,22,22
harmful_k10,10,24,23,-3.4455798921130953,1.8824466015877446,21,21
harmful_k10,10,24,24,-3.9755394345238093,1.9673875357341735,21,21
harmful_k10,10,24,25,-4.430803571428571,1.8817769547779786,21,21
harmful_k10,10,24,26,-3.646763392857143,1.7751981260071343,21,21
harmful_k10,10,24,27,-3.9505208333333335,1.7365472976360545,21,21
harmful_k10,10,24,28,-4.253069196428571,1.7609536356748217,21,21
harmful_k10,10,24,29,-4.210007440476191,1.9701476564643448,21,21
harmful_k10,10,24,30,-4.285342261904762,1.9501189664851062,21,21
harmful_k10,10,24,31,-4.432291666666667,1.9757920363073838,21,21
harmful_k10,10,24,32,-4.831101190476191,1.6703893738713325,21,21
harmful_k10,10,24,33,-4.510788690476191,1.9762698588182515,21,21
harmful_k10,10,24,34,-4.102120535714286,1.7374621866469215,21,21
harmful_k10,10,24,35,-4.207403273809524,1.4699545762508104,21,21
harmful_k10,10,24,36,-4.586216517857143,1.4617086614787953,21,21
harmful_k10,10,24,37,-4.741815476190476,1.3077352038800751,21,21
harmful_k10,10,24,38,-4.465773809523809,1.2963912788360856,21,21
harmful_k10,10,24,39,-4.409970238095238,1.4659623209392834,21,21
harmful_k10,10,24,40,-4.5398065476190474,1.9325445460891835,21,21
harmful_k10,10,24,41,-5.34375,1.355697251993416,21,21
harmful_k10,10,24,42,-5.244791666666667,1.4493679028143038,21,21
harmful_k10,10,24,43,-4.8984375,1.6989663964911872,21,21
harmful_k10,10,24,44,-4.362723214285714,1.8584467408307572,21,21
harmful_k10,10,24,45,-4.481770833333333,2.2451626240282314,21,21
harmful_k10,10,24,46,-4.494047619047619,1.4650258319374603,21,21
harmful_k10,10,27,0,-0.2340673828125,1.710591842740946,25,25
harmful_k10,10,27,1,-1.5690625,2.8854563583416692,25,25
harmful_k10,10,27,2,-3.149375,2.6569395551045507,25,25
harmful_k10,10,27,3,-1.6958795166015626,2.571371085286001,25,25
harmful_k10,10,27,4,-2.5378125,3.20446525409424,25,25
harmful_k10,10,27,5,-3.10828125,3.4520034041021423,25,25
harmful_k10,10,27,6,-3.858671875,3.5682599926579694,25,25
harmful_k10,10,27,7,-3.96,3.0210479898590243,25,25
harmful_k10,10,27,8,-4.683390299479167,3.5727277482474054,24,24
harmful_k10,10,27,9,-4.711701766304348,3.4971527179803217,23,23
harmful_k10,10,27,10,-5.373980978260869,3.3799728527469286,23,23
harmful_k10,10,27,11,-5.571501358695652,3.3397171599278592,23,23
harmful_k10,10,27,12,-5.7833729619565215,3.375525997443549,23,23
harmful_k10,10,27,13,-6.043817934782608,2.9864947512175983,23,23
harmful_k10,10,27,14,-5.943486752717392,2.906637847233506,23,23
harmful_k10,10,27,15,-5.833899456521739,2.7347161083820555,23,23
harmful_k10,10,27,16,-5.729534646739131,3.1560319947563156,23,23
harmful_k10,10,27,17,-6.211956521739131,2.7957869347772983,23,23
harmful_k10,10,27,18,-6.7146739130434785,2.6243963109234354,23,23
harmful_k10,10,27,19,-7.236505681818182,2.326765320112214,22,22
harmful_k10,10,27,20,-7.128972833806818,2.2365429842968196,22,22
harmful_k10,10,27,21,-6.8996803977272725,2.7761051960801995,22,22
harmful_k10,10,27,22,-6.432528409090909,3.1160190380888033,22,22
harmful_k10,10,27,23,-5.715669177827381,2.8654914189138796,21,21
harmful_k10,10,27,24,-6.853155226934524,2.997780178888623,21,21
harmful_k10,10,27,25,-6.952008928571429,2.6383499418645378,21,21
harmful_k10,10,27,26,-6.299479166666667,2.4472802253322126,21,21
harmful_k10,10,27,27,-6.694196428571429,2.2415889413857433,21,21
harmful_k10,10,27,28,-6.7648809523809526,2.2506426826840036,21,21
harmful_k10,10,27,29,-6.9499627976190474,2.5266202412546064,21,21
harmful_k10,10,27,30,-6.509672619047619,2.7638035853794944,21,21
harmful_k10,10,27,31,-6.835565476190476,2.4568126097455543,21,21
harmful_k10,10,27,32,-7.192336309523809,2.050927042720197,21,21
harmful_k10,10,27,33,-7.392857142857143,2.203658433394665,21,21
harmful_k10,10,27,34,-6.417410714285714,2.546659993115633,21,21
harmful_k10,10,27,35,-6.440848214285714,2.280094649948377,21,21
harmful_k10,10,27,36,-7.153645833333333,2.0346146012257047,21,21
harmful_k10,10,27,37,-7.678571428571429,1.7935197711881676,21,21
harmful_k10,10,27,38,-6.799107142857143,2.060897138265015,21,21
harmful_k10,10,27,39,-7.425595238095238,1.7179963174367372,21,21
harmful_k10,10,27,40,-7.394345238095238,2.771832302913759,21,21
harmful_k10,10,27,41,-8.09077380952381,1.9805919836389225,21,21
harmful_k10,10,27,42,-8.223958333333334,2.179288904713722,21,21
harmful_k10,10,27,43,-7.375,2.6377480629791012,21,21
harmful_k10,10,27,44,-6.3444940476190474,3.0062697999545955,21,21
harmful_k10,10,27,45,-6.845982142857143,3.562566082563793,21,21
harmful_k10,10,27,46,-7.338169642857143,2.194935942539708,21,21
