condition,layer,token_position,n_prompts,n_rows,mean_projection,std_projection,min_projection,max_projection,token_window
harmful_k00,16,0,25,25,3.506875,0.44405615905629925,2.421875,4.46875,generated_token
harmful_k00,16,1,25,25,2.2303125,0.4611808591330836,1.0,3.078125,generated_token
harmful_k00,16,2,25,25,2.081171875,0.46775137767660224,0.451171875,2.453125,generated_token
harmful_k00,16,3,25,25,1.83677734375,0.5326253165060811,0.09716796875,2.203125,generated_token
harmful_k00,16,4,25,25,2.12875,0.8513119614242846,-0.6171875,2.765625,generated_token
harmful_k00,16,5,25,25,1.875546875,0.8208028668269904,-0.828125,2.546875,generated_token
harmful_k00,16,6,25,25,1.865,0.8074379382775632,-0.68359375,2.84375,generated_token
harmful_k00,16,7,20,20,1.50107421875,1.0728872719781002,-0.123046875,2.75,generated_token
harmful_k00,16,8,14,14,0.7677176339285714,0.6521469073256315,-1.078125,1.4453125,generated_token
harmful_k00,16,9,14,14,0.8872767857142857,0.5311104727487426,-0.80859375,1.3046875,generated_token
harmful_k00,16,10,14,14,0.7525111607142857,0.8954402439078372,-2.171875,1.75,generated_token
harmful_k00,16,11,14,14,0.5198102678571429,0.8512322714027275,-2.046875,1.765625,generated_token
harmful_k00,16,12,14,14,0.6452287946428571,0.7384933077524943,-1.578125,1.890625,generated_token
harmful_k00,16,13,14,14,0.552734375,0.6125750964253419,-1.5234375,1.0546875,generated_token
harmful_k00,16,14,14,14,0.4237583705357143,0.7209541399202113,-1.8203125,1.59375,generated_token
harmful_k00,16,15,14,14,0.6297433035714286,0.5313157063779603,-0.62109375,1.640625,generated_token
harmful_k00,16,16,14,14,0.9806082589285714,0.21797120591257432,0.279296875,1.1953125,generated_token
harmful_k00,16,17,7,7,1.0440848214285714,0.6671295375667107,-0.45703125,1.4375,generated_token
harmful_k00,16,18,4,4,1.1962890625,0.84056337265388,0.71875,2.453125,generated_token
harmful_k00,16,19,4,4,1.1572265625,0.565209538587032,0.62890625,1.6953125,generated_token
harmful_k00,16,20,4,4,0.7001953125,0.39292778271794504,0.421875,1.265625,generated_token
harmful_k00,16,21,4,4,0.47607421875,0.6248176308639016,-0.419921875,0.91015625,generated_token
harmful_k00,16,22,4,4,0.7265625,0.1992059840681039,0.46484375,0.9375,generated_token
harmful_k00,16,23,4,4,0.54638671875,0.26181772362864825,0.283203125,0.82421875,generated_token
harmful_k00,16,24,3,3,0.912109375,0.7094953392902658,0.384765625,1.71875,generated_token
harmful_k00,16,25,3,3,1.0169270833333333,0.5711190429875551,0.51953125,1.640625,generated_token
harmful_k00,16,26,3,3,0.7962239583333334,0.3003010404995797,0.466796875,1.0546875,generated_token
harmful_k00,16,27,3,3,0.9309895833333334,0.08234068621751238,0.8359375,0.98046875,generated_token
harmful_k00,16,28,3,3,0.9205729166666666,0.2695689889038534,0.61328125,1.1171875,generated_token
harmful_k00,16,29,2,2,0.6962890625,0.28035679019701004,0.498046875,0.89453125,generated_token
harmful_k00,16,30,2,2,0.56884765625,0.5158288726038583,0.2041015625,0.93359375,generated_token
harmful_k00,16,31,2,2,-0.09375,0.7457766832826869,-0.62109375,0.43359375,generated_token
harmful_k00,16,32,2,2,-0.048828125,0.4308931947855524,-0.353515625,0.255859375,generated_token
harmful_k00,16,33,2,2,-0.114990234375,0.3097044837521158,-0.333984375,0.10400390625,generated_token
harmful_k00,16,34,2,2,-0.064453125,1.2512475463965078,-0.94921875,0.8203125,generated_token
harmful_k00,16,35,2,2,-0.429443359375,0.4367627334965735,-0.73828125,-0.12060546875,generated_token
harmful_k00,16,36,2,2,-1.2421875,0.18782523875267668,-1.375,-1.109375,generated_token
harmful_k00,16,37,2,2,-2.109375,0.04419417382415922,-2.140625,-2.078125,generated_token
harmful_k00,16,38,2,2,-1.21484375,0.2154465973927762,-1.3671875,-1.0625,generated_token
harmful_k00,16,39,2,2,-1.13671875,0.3590776623212937,-1.390625,-0.8828125,generated_token
harmful_k00,16,40,2,2,-0.71875,0.24859222776089562,-0.89453125,-0.54296875,generated_token
harmful_k00,16,41,2,2,-1.26953125,0.8673106612991247,-1.8828125,-0.65625,generated_token
harmful_k00,16,42,2,2,-1.66796875,0.016572815184059706,-1.6796875,-1.65625,generated_token
harmful_k00,16,43,2,2,-1.6796875,0.15467960838455727,-1.7890625,-1.5703125,generated_token
harmful_k00,16,44,2,2,-2.1484375,0.14363106492851746,-2.25,-2.046875,generated_token
harmful_k00,16,45,2,2,-2.01171875,0.7789223136508062,-2.5625,-1.4609375,generated_token
harmful_k00,16,46,2,2,-1.48828125,0.9446504654914033,-2.15625,-0.8203125,generated_token
harmful_k00,20,0,25,25,5.45625,0.4553644373832166,4.09375,6.28125,generated_token
harmful_k00,20,1,25,25,3.07875,0.6863260870179378,1.1640625,4.125,generated_token
harmful_k00,20,2,25,25,2.699619140625,0.8530328721826435,-0.2353515625,3.3125,generated_token
harmful_k00,20,3,25,25,2.036875,1.0370548626210367,-1.3984375,2.546875,generated_token
harmful_k00,20,4,25,25,2.3053125,1.208999457195908,-1.78125,2.984375,generated_token
harmful_k00,20,5,25,25,2.3121875,1.2612338625805253,-2.0625,3.21875,generated_token
harmful_k00,20,6,25,25,2.4715625,1.3729211617117865,-2.1875,3.515625,generated_token
harmful_k00,20,7,20,20,1.926953125,1.3925693159415409,-1.578125,3.375,generated_token
harmful_k00,20,8,14,14,1.3588169642857142,1.3752405830750887,-2.046875,2.28125,generated_token
harmful_k00,20,9,14,14,1.4333147321428572,1.1134435655602593,-1.2578125,2.328125,generated_token
harmful_k00,20,10,14,14,1.552734375,1.4107639475396245,-2.96875,2.375,generated_token
harmful_k00,20,11,14,14,1.0913783482142858,1.3732775971852835,-2.578125,2.640625,generated_token
harmful_k00,20,12,14,14,1.059814453125,1.251309175093879,-2.5625,2.375,generated_token
harmful_k00,20,13,14,14,0.845703125,1.3636972533816694,-3.015625,1.65625,generated_token
harmful_k00,20,14,14,14,0.5385393415178571,1.1454846048050595,-2.890625,1.4375,generated_token
harmful_k00,20,15,14,14,0.4741908482142857,0.9201711823837561,-1.296875,1.1484375,generated_token
harmful_k00,20,16,14,14,0.8297991071428571,0.672911408343408,-0.890625,1.3125,generated_token
harmful_k00,20,17,7,7,0.8646763392857143,1.0480274832701855,-1.2109375,1.96875,generated_token
harmful_k00,20,18,4,4,1.056884765625,1.480755673320086,-0.443359375,2.921875,generated_token
harmful_k00,20,19,4,4,1.5751953125,0.9622776848145537,0.44140625,2.78125,generated_token
harmful_k00,20,20,4,4,0.3995361328125,1.2586469468931596,-0.5703125,2.25,generated_token
harmful_k00,20,21,4,4,0.0255126953125,1.4403044599850936,-1.5234375,1.9296875,generated_token
harmful_k00,20,22,4,4,0.44482421875,1.4145562028413392,-0.375,2.5625,generated_token
harmful_k00,20,23,4,4,0.575927734375,0.9960989758722189,-0.376953125,1.5234375,generated_token
harmful_k00,20,24,3,3,1.2356770833333333,1.4477193501268715,-0.40234375,2.34375,generated_token
harmful_k00,20,25,3,3,1.2083333333333333,0.2806344537197515,0.8984375,1.4453125,generated_token
harmful_k00,20,26,3,3,0.8268229166666666,0.1648202984898123,0.63671875,0.9296875,generated_token
harmful_k00,20,27,3,3,1.0911458333333333,0.1478882381718821,0.921875,1.1953125,generated_token
harmful_k00,20,28,3,3,0.9153645833333334,0.32288253767898445,0.54296875,1.1171875,generated_token
harmful_k00,20,29,2,2,0.515625,0.2596407712169354,0.33203125,0.69921875,generated_token
harmful_k00,20,30,2,2,0.3896484375,0.17815776322864185,0.263671875,0.515625,generated_token
harmful_k00,20,31,2,2,-0.556884765625,0.7481935521636955,-1.0859375,-0.02783203125,generated_token
harmful_k00,20,32,2,2,-0.77734375,0.09391261937633834,-0.84375,-0.7109375,generated_token
harmful_k00,20,33,2,2,-0.904296875,0.05800485314420897,-0.9453125,-0.86328125,generated_token
harmful_k00,20,34,2,2,-0.876068115234375,1.2469748674818675,-1.7578125,0.00567626953125,generated_token
harmful_k00,20,35,2,2,-1.4375,0.5855728031701096,-1.8515625,-1.0234375,generated_token
harmful_k00,20,36,2,2,-2.328125,0.2651650429449553,-2.515625,-2.140625,generated_token
harmful_k00,20,37,2,2,-3.0625,0.04419417382415922,-3.09375,-3.03125,generated_token
harmful_k00,20,38,2,2,-2.390625,0.1767766952966369,-2.515625,-2.265625,generated_token
harmful_k00,20,39,2,2,-2.3515625,0.09943689110435824,-2.421875,-2.28125,generated_token
harmful_k00,20,40,2,2,-2.078125,0.08838834764831845,-2.140625,-2.015625,generated_token
harmful_k00,20,41,2,2,-1.951171875,1.7263349150062195,-3.171875,-0.73046875,generated_token
harmful_k00,20,42,2,2,-2.84375,0.02209708691207961,-2.859375,-2.828125,generated_token
harmful_k00,20,43,2,2,-3.015625,0.4198446513295126,-3.3125,-2.71875,generated_token
harmful_k00,20,44,2,2,-3.2578125,0.03314563036811941,-3.28125,-3.234375,generated_token
harmful_k00,20,45,2,2,-3.0625,0.4419417382415922,-3.375,-2.75,generated_token
harmful_k00,20,46,2,2,-2.42578125,1.69595142050211,-3.625,-1.2265625,generated_token
harmful_k00,24,0,25,25,5.31,0.22242449561592814,4.90625,5.6875,generated_token
harmful_k00,24,1,25,25,3.22642578125,1.0965888422645405,0.09619140625,4.625,generated_token
harmful_k00,24,2,25,25,2.6025,1.4189392770217475,-2.234375,3.4375,generated_token
harmful_k00,24,3,25,25,1.233125,1.8934969255576715,-5.3125,2.203125,generated_token
harmful_k00,24,4,25,25,1.2359375,2.0637847289951208,-5.75,2.421875,generated_token
harmful_k00,24,5,25,25,1.7496875,1.722432548778368,-3.890625,2.90625,generated_token
harmful_k00,24,6,25,25,2.18125,2.186512751551043,-4.78125,3.90625,generated_token
harmful_k00,24,7,20,20,1.1068359375,2.366089490371582,-5.40625,3.578125,generated_token
harmful_k00,24,8,14,14,0.8928571428571429,2.3520958748772394,-4.65625,2.46875,generated_token
harmful_k00,24,9,14,14,1.1595982142857142,2.1493687105274986,-3.75,2.421875,generated_token
harmful_k00,24,10,14,14,1.5142299107142858,2.708444877986705,-6.59375,3.1875,generated_token
harmful_k00,24,11,14,14,0.79052734375,2.9737487161339833,-5.8125,3.359375,generated_token
harmful_k00,24,12,14,14,0.47935267857142855,2.7527449681617564,-5.75,2.28125,generated_token
harmful_k00,24,13,14,14,-0.05524553571428571,2.644907315618396,-6.65625,1.640625,generated_token
harmful_k00,24,14,14,14,-0.5581752232142857,2.24442875403694,-6.125,1.234375,generated_token
harmful_k00,24,15,14,14,-0.6233258928571429,1.96987679449523,-4.15625,1.03125,generated_token
harmful_k00,24,16,14,14,-0.6125390189034599,1.4354646762209635,-4.625,0.44921875,generated_token
harmful_k00,24,17,7,7,-0.8241489955357143,2.1276869602395125,-3.765625,2.5625,generated_token
harmful_k00,24,18,4,4,-0.5859375,2.873711781136318,-3.6875,3.03125,generated_token
harmful_k00,24,19,4,4,-0.423370361328125,0.8922577351818424,-1.515625,0.5546875,generated_token
harmful_k00,24,20,4,4,-1.8271484375,3.1784945662886432,-4.90625,2.25,generated_token
harmful_k00,24,21,4,4,-1.75390625,3.0333802383764743,-4.75,2.453125,generated_token
harmful_k00,24,22,4,4,-1.5859375,3.4166150593155304,-3.875,3.5,generated_token
harmful_k00,24,23,4,4,-0.9658203125,2.874878590549589,-3.984375,2.203125,generated_token
harmful_k00,24,24,3,3,-0.5794270833333334,2.611527033296424,-3.25,1.96875,generated_token
harmful_k00,24,25,3,3,-1.0625,2.443065061460961,-3.09375,1.6484375,generated_token
harmful_k00,24,26,3,3,-1.8255208333333333,2.1847126959401515,-3.96875,0.3984375,generated_token
harmful_k00,24,27,3,3,-1.140625,1.758402678702677,-2.40625,0.8671875,generated_token
harmful_k00,24,28,3,3,-1.9140625,1.4160035021032786,-2.96875,-0.3046875,generated_token
harmful_k00,24,29,2,2,-2.9453125,1.3589708450928961,-3.90625,-1.984375,generated_token
harmful_k00,24,30,2,2,-2.5,0.08838834764831845,-2.5625,-2.4375,generated_token
harmful_k00,24,31,2,2,-3.9921875,0.18782523875267668,-4.125,-3.859375,generated_token
harmful_k00,24,32,2,2,-4.234375,0.4640388251536718,-4.5625,-3.90625,generated_token
harmful_k00,24,33,2,2,-4.453125,0.06629126073623882,-4.5,-4.40625,generated_token
harmful_k00,24,34,2,2,-4.6953125,1.756718409510329,-5.9375,-3.453125,generated_token
harmful_k00,24,35,2,2,-4.1171875,1.823009670246568,-5.40625,-2.828125,generated_token
harmful_k00,24,36,2,2,-5.984375,0.508232998977831,-6.34375,-5.625,generated_token
harmful_k00,24,37,2,2,-5.75,0.04419417382415922,-5.78125,-5.71875,generated_token
harmful_k00,24,38,2,2,-6.0625,0.08838834764831845,-6.125,-6.0,generated_token
harmful_k00,24,39,2,2,-6.0,0.2209708691207961,-6.15625,-5.84375,generated_token
harmful_k00,24,40,2,2,-4.265625,0.2872621298570349,-4.46875,-4.0625,generated_token
harmful_k00,24,41,2,2,-4.3203125,2.4196310168727173,-6.03125,-2.609375,generated_token
harmful_k00,24,42,2,2,-5.984375,0.8617863895711048,-6.59375,-5.375,generated_token
harmful_k00,24,43,2,2,-7.03125,0.7513009550107067,-7.5625,-6.5,generated_token
harmful_k00,24,44,2,2,-6.5625,0.5745242597140698,-6.96875,-6.15625,generated_token
harmful_k00,24,45,2,2,-5.75,1.0606601717798212,-6.5,-5.0,generated_token
harmful_k00,24,46,2,2,-5.5234375,3.679164970861255,-8.125,-2.921875,generated_token
harmful_k00,27,0,25,25,4.49625,0.40947438361066385,3.03125,5.21875,generated_token
harmful_k00,27,1,25,25,2.599375,1.4052812780285677,-1.7578125,3.90625,generated_token
harmful_k00,27,2,25,25,1.81375,1.634034194569819,-4.03125,2.8125,generated_token
harmful_k00,27,3,25,25,0.66859375,2.5148450519818715,-7.78125,2.3125,generated_token
harmful_k00,27,4,25,25,0.3972998046875,2.680975071461873,-8.375,2.4375,generated_token
harmful_k00,27,5,25,25,1.465625,1.9977200546289429,-5.15625,2.953125,generated_token
harmful_k00,27,6,25,25,2.2726953125,3.055381719171836,-7.46875,4.6875,generated_token
harmful_k00,27,7,20,20,0.790087890625,3.554141388968372,-8.8125,4.8125,generated_token
harmful_k00,27,8,14,14,-0.33021763392857145,2.9602507806095537,-7.71875,2.453125,generated_token
harmful_k00,27,9,14,14,0.15841238839285715,2.6896471151794956,-7.21875,1.9375,generated_token
harmful_k00,27,10,14,14,0.7622767857142857,3.7423144830080943,-10.125,3.234375,generated_token
harmful_k00,27,11,14,14,-0.10770089285714286,3.94045502402722,-9.5,3.09375,generated_token
harmful_k00,27,12,14,14,-1.1344495500837053,2.807552961491552,-7.5,1.2734375,generated_token
harmful_k00,27,13,14,14,-2.0106026785714284,2.8282783192989607,-9.75,0.16796875,generated_token
harmful_k00,27,14,14,14,-2.0702950613839284,2.7366035191128817,-9.1875,0.1650390625,generated_token
harmful_k00,27,15,14,14,-1.4973493303571428,2.3386985586571414,-5.875,0.78515625,generated_token
harmful_k00,27,16,14,14,-0.9341517857142857,2.688991118345566,-7.1875,1.1640625,generated_token
harmful_k00,27,17,7,7,-1.6253487723214286,2.8401870305175825,-6.25,1.375,generated_token
harmful_k00,27,18,4,4,-1.458984375,3.7773599081867433,-4.28125,3.890625,generated_token
harmful_k00,27,19,4,4,-1.8270263671875,1.3576451765122417,-3.09375,0.09814453125,generated_token
harmful_k00,27,20,4,4,-3.6162109375,3.259417656058264,-6.59375,0.51953125,generated_token
harmful_k00,27,21,4,4,-3.630859375,3.7051098704381533,-6.25,1.8203125,generated_token
harmful_k00,27,22,4,4,-3.265625,4.611660803288045,-6.28125,3.453125,generated_token
harmful_k00,27,23,4,4,-2.01953125,4.44690034617396,-6.9375,1.8984375,generated_token
harmful_k00,27,24,3,3,-2.72271728515625,2.5337398220809626,-5.03125,-0.01190185546875,generated_token
harmful_k00,27,25,3,3,-3.5143229166666665,3.6112015411270004,-6.78125,0.36328125,generated_token
harmful_k00,27,26,3,3,-4.360026041666667,3.6054075600283393,-7.5625,-0.455078125,generated_token
harmful_k00,27,27,3,3,-3.677734375,3.4951721681638834,-6.34375,0.279296875,generated_token
harmful_k00,27,28,3,3,-4.42822265625,3.9385692718891723,-7.3125,0.05908203125,generated_token
harmful_k00,27,29,2,2,-6.90625,1.5467960838455728,-8.0,-5.8125,generated_token
harmful_k00,27,30,2,2,-6.4375,0.8396893026590252,-7.03125,-5.84375,generated_token
harmful_k00,27,31,2,2,-8.59375,0.397747564417433,-8.875,-8.3125,generated_token
harmful_k00,27,32,2,2,-6.84375,2.5190679079770755,-8.625,-5.0625,generated_token
harmful_k00,27,33,2,2,-6.9375,1.8561553006146871,-8.25,-5.625,generated_token
harmful_k00,27,34,2,2,-6.421875,2.7621358640099514,-8.375,-4.46875,generated_token
harmful_k00,27,35,2,2,-6.234375,0.4198446513295126,-6.53125,-5.9375,generated_token
harmful_k00,27,36,2,2,-8.9375,0.795495128834866,-9.5,-8.375,generated_token
harmful_k00,27,37,2,2,-8.03125,0.397747564417433,-8.3125,-7.75,generated_token
harmful_k00,27,38,2,2,-8.9375,0.5303300858899106,-9.3125,-8.5625,generated_token
harmful_k00,27,39,2,2,-8.90625,0.397747564417433,-9.1875,-8.625,generated_token
harmful_k00,27,40,2,2,-5.8125,0.30935921676911454,-6.03125,-5.59375,generated_token
harmful_k00,27,41,2,2,-6.578125,2.6295533425374735,-8.4375,-4.71875,generated_token
harmful_k00,27,42,2,2,-8.046875,0.11048543456039805,-8.125,-7.96875,generated_token
harmful_k00,27,43,2,2,-9.34375,1.193242693252299,-10.1875,-8.5,generated_token
harmful_k00,27,44,2,2,-9.0625,0.9722718241315028,-9.75,-8.375,generated_token
harmful_k00,27,45,2,2,-8.59375,0.2209708691207961,-8.75,-8.4375,generated_token
harmful_k00,27,46,2,2,-8.953125,4.662485338448798,-12.25,-5.65625,generated_token
harmful_k03,16,0,25,25,0.805654296875,0.6566714359568533,-0.50390625,2.015625,generated_token
harmful_k03,16,1,25,25,1.339228515625,0.9652575047664035,-0.43359375,3.234375,generated_token
harmful_k03,16,2,25,25,0.15548828125,0.730159048973992,-1.3125,1.234375,generated_token
harmful_k03,16,3,25,25,0.1906396484375,0.9508208277313461,-1.4453125,1.8828125,generated_token
harmful_k03,16,4,25,25,0.562158203125,0.8714024120928249,-1.0703125,1.8515625,generated_token
harmful_k03,16,5,25,25,0.7901953125,1.0379102118092458,-0.98046875,2.921875,generated_token
harmful_k03,16,6,25,25,0.5744921875,1.0557236663619876,-1.15625,2.53125,generated_token
harmful_k03,16,7,25,25,0.15412109375,1.0647601312395818,-1.203125,2.890625,generated_token
harmful_k03,16,8,25,25,-0.075462646484375,1.1426970992297503,-2.328125,2.796875,generated_token
harmful_k03,16,9,25,25,-0.06810546875,1.4280697514860774,-2.5625,2.65625,generated_token
harmful_k03,16,10,25,25,0.15926240921020507,1.2848019401907116,-1.265625,2.8125,generated_token
harmful_k03,16,11,25,25,0.25615234375,1.3989501950994665,-2.4375,2.5,generated_token
harmful_k03,16,12,25,25,0.68193359375,1.459940592306157,-2.046875,2.96875,generated_token
harmful_k03,16,13,25,25,1.100078125,1.5505770524348563,-1.9921875,3.5625,generated_token
harmful_k03,16,14,24,24,0.7023722330729166,1.4708778570789929,-1.84375,3.296875,generated_token
harmful_k03,16,15,24,24,0.9083048502604166,1.2746828774225472,-1.859375,3.265625,generated_token
harmful_k03,16,16,24,24,0.76171875,1.351022202495403,-2.53125,3.078125,generated_token
harmful_k03,16,17,24,24,0.6792195638020834,1.2932699500640694,-1.5625,2.90625,generated_token
harmful_k03,16,18,24,24,0.73187255859375,1.3642729733768504,-2.234375,2.75,generated_token
harmful_k03,16,19,24,24,0.8492431640625,0.9942248230481038,-1.265625,2.21875,generated_token
harmful_k03,16,20,24,24,0.7389322916666666,1.0766825618504259,-1.7265625,2.328125,generated_token
harmful_k03,16,21,24,24,0.6055399576822916,1.09644916092613,-1.5078125,2.515625,generated_token
harmful_k03,16,22,24,24,0.64801025390625,1.0402643044316937,-1.2734375,2.15625,generated_token
harmful_k03,16,23,24,24,0.45263671875,1.0063493919063862,-2.015625,1.65625,generated_token
harmful_k03,16,24,24,24,0.4781392415364583,1.0723063529499457,-2.359375,1.9453125,generated_token
harmful_k03,16,25,24,24,0.264404296875,1.1188338557077322,-1.734375,2.21875,generated_token
harmful_k03,16,26,24,24,0.13006591796875,1.1004912837280723,-1.8203125,1.8984375,generated_token
harmful_k03,16,27,24,24,0.021728515625,1.139051040402479,-1.75,2.625,generated_token
harmful_k03,16,28,24,24,-0.047709147135416664,1.263222835350934,-2.125,2.796875,generated_token
harmful_k03,16,29,23,23,-0.07396399456521739,0.9357534249794247,-2.0,1.6171875,generated_token
harmful_k03,16,30,23,23,-0.23383364470108695,0.9819571564879805,-1.6796875,1.609375,generated_token
harmful_k03,16,31,23,23,-0.6303923233695652,1.0156465058965316,-2.125,1.328125,generated_token
harmful_k03,16,32,23,23,-0.2722061820652174,1.1218448366273652,-2.09375,1.90625,generated_token
harmful_k03,16,33,23,23,-0.2745414402173913,1.1302685645852855,-2.234375,1.578125,generated_token
harmful_k03,16,34,23,23,-0.14618716032608695,1.1133418137146711,-1.703125,1.7421875,generated_token
harmful_k03,16,35,23,23,-0.2545219089673913,1.0973030760474296,-2.21875,2.0,generated_token
harmful_k03,16,36,23,23,-0.36587126358695654,1.0353213817844937,-1.7578125,2.0,generated_token
harmful_k03,16,37,23,23,-0.10270889945652174,0.9474647904208537,-1.4375,1.671875,generated_token
harmful_k03,16,38,23,23,-0.13392440132472827,1.168520909119871,-1.8203125,2.265625,generated_token
harmful_k03,16,39,23,23,-0.4903617527173913,1.0553209062767863,-2.453125,1.734375,generated_token
harmful_k03,16,40,23,23,-0.6356997282608695,1.1528627414871477,-2.15625,1.796875,generated_token
harmful_k03,16,41,23,23,-0.584610648777174,0.9890271053149483,-2.671875,0.95703125,generated_token
harmful_k03,16,42,23,23,-0.5956447435461957,1.236286258423937,-2.359375,1.8046875,generated_token
harmful_k03,16,43,23,23,-0.47404280952785327,1.29826812303548,-2.28125,2.203125,generated_token
harmful_k03,16,44,23,23,-0.5867017663043478,1.294089526045101,-1.9921875,2.3125,generated_token
harmful_k03,16,45,23,23,-0.7048737899116848,1.104193691887482,-2.078125,1.71875,generated_token
harmful_k03,16,46,23,23,-0.4898522418478261,1.2174392352315697,-2.25,1.734375,generated_token
harmful_k03,20,0,25,25,0.6499609375,0.9233395459440071,-0.91796875,2.15625,generated_token
harmful_k03,20,1,25,25,0.381591796875,1.0587201952051253,-1.59375,2.3125,generated_token
harmful_k03,20,2,25,25,-0.547939453125,0.8309369446617625,-2.078125,1.125,generated_token
harmful_k03,20,3,25,25,-0.6398828125,1.1232931480285218,-2.53125,1.5390625,generated_token
harmful_k03,20,4,25,25,-0.35505859375,1.0122807897305406,-2.453125,1.7734375,generated_token
harmful_k03,20,5,25,25,-0.081142578125,1.1991918829642985,-2.1875,2.15625,generated_token
harmful_k03,20,6,25,25,-0.3396875,1.3903668819145794,-2.484375,2.9375,generated_token
harmful_k03,20,7,25,25,-0.6685546875,1.5557502424176681,-2.703125,4.9375,generated_token
harmful_k03,20,8,25,25,-0.90474609375,1.6420090418383515,-3.34375,2.921875,generated_token
harmful_k03,20,9,25,25,-0.9007421875,1.8151233341148187,-3.84375,3.265625,generated_token
harmful_k03,20,10,25,25,-0.519453125,1.9498712912900291,-2.546875,4.15625,generated_token
harmful_k03,20,11,25,25,-0.536708984375,1.8743933767656158,-3.875,3.453125,generated_token
harmful_k03,20,12,25,25,0.0899609375,2.0640779550971464,-3.96875,3.390625,generated_token
harmful_k03,20,13,25,25,0.5569921875,1.9919106460380507,-2.96875,4.40625,generated_token
harmful_k03,20,14,24,24,0.20654296875,1.9088220299267833,-2.765625,3.8125,generated_token
harmful_k03,20,15,24,24,0.7628173828125,1.8389272520803326,-2.96875,4.125,generated_token
harmful_k03,20,16,24,24,0.3045908610026042,1.915172379335584,-3.59375,4.0625,generated_token
harmful_k03,20,17,24,24,0.3720550537109375,1.6770274632103703,-3.03125,3.359375,generated_token
harmful_k03,20,18,24,24,0.4503275553385417,1.8278514567805908,-3.609375,3.28125,generated_token
harmful_k03,20,19,24,24,0.365264892578125,1.4334054482481453,-2.421875,3.15625,generated_token
harmful_k03,20,20,24,24,0.3668619791666667,1.570004552304445,-2.875,3.265625,generated_token
harmful_k03,20,21,24,24,0.2672220865885417,1.5799303717798663,-2.53125,3.6875,generated_token
harmful_k03,20,22,24,24,0.2531929016113281,1.544769286383616,-2.28125,3.359375,generated_token
harmful_k03,20,23,24,24,0.0479736328125,1.3703430475721476,-3.265625,2.109375,generated_token
harmful_k03,20,24,24,24,0.10648600260416667,1.3349015485053872,-3.453125,2.484375,generated_token
harmful_k03,20,25,24,24,-0.22614288330078125,1.3091165832807443,-2.609375,3.125,generated_token
harmful_k03,20,26,24,24,-0.4075978597005208,1.3001187392093647,-2.34375,1.953125,generated_token
harmful_k03,20,27,24,24,-0.4061686197916667,1.4745428985482365,-2.71875,2.765625,generated_token
harmful_k03,20,28,24,24,-0.4792683919270833,1.614348867271082,-3.15625,2.703125,generated_token
harmful_k03,20,29,23,23,-0.6262724503226902,1.129652113490774,-3.1875,1.890625,generated_token
harmful_k03,20,30,23,23,-0.7638629415760869,1.1991664319440862,-2.578125,1.9765625,generated_token
harmful_k03,20,31,23,23,-1.2144801927649456,1.3536850664791633,-3.125,1.828125,generated_token
harmful_k03,20,32,23,23,-0.6948029891304348,1.6812189744434942,-2.9375,3.328125,generated_token
harmful_k03,20,33,23,23,-0.7087083899456522,1.6857602407109273,-3.15625,3.125,generated_token
harmful_k03,20,34,23,23,-0.7122855808423914,1.5161995230000294,-2.71875,2.015625,generated_token
harmful_k03,20,35,23,23,-0.8487018087635869,1.3727758014099702,-2.8125,1.8984375,generated_token
harmful_k03,20,36,23,23,-0.9296238111413043,1.3788003524080783,-2.921875,2.59375,generated_token
harmful_k03,20,37,23,23,-0.4714766792629076,1.2575642163141048,-3.015625,2.609375,generated_token
harmful_k03,20,38,23,23,-0.4048913043478261,1.6450138126648879,-3.234375,3.484375,generated_token
harmful_k03,20,39,23,23,-1.0793403957201086,1.3328474918151183,-3.84375,2.71875,generated_token
harmful_k03,20,40,23,23,-1.275093410326087,1.3370453895618721,-3.078125,2.375,generated_token
harmful_k03,20,41,23,23,-1.2490712041440217,1.0951605449985657,-3.421875,0.294921875,generated_token
harmful_k03,20,42,23,23,-1.1015200407608696,1.4572715768447437,-3.25,2.859375,generated_token
harmful_k03,20,43,23,23,-1.0153702445652173,1.5507683417833857,-3.3125,3.5625,generated_token
harmful_k03,20,44,23,23,-1.0925133746603262,1.6437507529774338,-2.890625,3.359375,generated_token
harmful_k03,20,45,23,23,-1.136527683423913,1.3036400021128531,-3.1875,2.484375,generated_token
harmful_k03,20,46,23,23,-0.8877802309782609,1.5796046125399472,-3.328125,2.46875,generated_token
harmful_k03,24,0,25,25,-0.393369140625,1.7039964372477499,-3.609375,2.453125,generated_token
harmful_k03,24,1,25,25,-2.596796875,1.8232211845726094,-5.75,1.8828125,generated_token
harmful_k03,24,2,25,25,-3.2428125,1.753330034221451,-5.875,1.6484375,generated_token
harmful_k03,24,3,25,25,-2.7403125,1.755516845877263,-5.78125,1.125,generated_token
harmful_k03,24,4,25,25,-2.74806640625,1.911691385418098,-5.65625,1.546875,generated_token
harmful_k03,24,5,25,25,-2.920703125,1.9573088326614143,-6.46875,1.1640625,generated_token
harmful_k03,24,6,25,25,-3.03892578125,1.8885884285671402,-5.46875,1.625,generated_token
harmful_k03,24,7,25,25,-3.36484375,2.3524112964950676,-5.75,5.0625,generated_token
harmful_k03,24,8,25,25,-3.6026171875,2.3638206977247203,-6.96875,3.0625,generated_token
harmful_k03,24,9,25,25,-3.763359375,2.5202006035135116,-7.34375,2.859375,generated_token
harmful_k03,24,10,25,25,-3.411640625,2.8710792056037504,-7.0625,4.375,generated_token
harmful_k03,24,11,25,25,-3.281598663330078,2.760129712768676,-7.5,2.6875,generated_token
harmful_k03,24,12,25,25,-2.8489453125,2.8917915632408775,-7.8125,2.375,generated_token
harmful_k03,24,13,25,25,-2.099580078125,2.558091892711975,-6.71875,2.328125,generated_token
harmful_k03,24,14,24,24,-2.6185709635416665,2.6287239186124034,-7.625,2.8125,generated_token
harmful_k03,24,15,24,24,-1.833221435546875,2.368379884919683,-6.90625,2.4375,generated_token
harmful_k03,24,16,24,24,-2.51318359375,2.484765263886181,-6.71875,2.625,generated_token
harmful_k03,24,17,24,24,-2.3736165364583335,2.183300729624842,-6.53125,1.625,generated_token
harmful_k03,24,18,24,24,-2.5073038736979165,2.2572281115947312,-7.375,0.4765625,generated_token
harmful_k03,24,19,24,24,-2.4237060546875,2.0195896626895857,-5.625,2.109375,generated_token
harmful_k03,24,20,24,24,-2.181884765625,2.2640396404998104,-6.78125,2.53125,generated_token
harmful_k03,24,21,24,24,-1.931243896484375,2.2057437780794538,-5.84375,2.546875,generated_token
harmful_k03,24,22,24,24,-2.2642415364583335,2.1849839409093277,-5.96875,1.796875,generated_token
harmful_k03,24,23,24,24,-2.595062255859375,2.100005509254409,-7.71875,1.296875,generated_token
harmful_k03,24,24,24,24,-2.259521484375,1.8897713513540555,-6.71875,0.72265625,generated_token
harmful_k03,24,25,24,24,-2.89599609375,1.9081436507172254,-6.5625,1.7421875,generated_token
harmful_k03,24,26,24,24,-2.9163411458333335,1.6866872471398746,-5.40625,0.7578125,generated_token
harmful_k03,24,27,24,24,-3.135986328125,1.9158110923430076,-6.25,1.375,generated_token
harmful_k03,24,28,24,24,-3.3076985677083335,2.0140692047907547,-6.96875,0.6171875,generated_token
harmful_k03,24,29,23,23,-3.595108695652174,1.5927812413569782,-6.71875,-0.6875,generated_token
harmful_k03,24,30,23,23,-3.989130434782609,1.5969614812591348,-5.90625,-1.5,generated_token
harmful_k03,24,31,23,23,-4.08984375,1.616358260030609,-6.375,-0.52734375,generated_token
harmful_k03,24,32,23,23,-3.4392806343410327,2.185631356767145,-6.78125,1.0,generated_token
harmful_k03,24,33,23,23,-3.3322860054347827,2.109012317596985,-6.90625,0.7734375,generated_token
harmful_k03,24,34,23,23,-3.815302309782609,2.006173992944837,-7.21875,-0.169921875,generated_token
harmful_k03,24,35,23,23,-3.9707455842391304,1.8991258754672595,-6.71875,0.2119140625,generated_token
harmful_k03,24,36,23,23,-3.8884171195652173,1.5793045324044426,-6.375,-0.65234375,generated_token
harmful_k03,24,37,23,23,-3.265073029891304,1.7931821929419558,-7.40625,0.1806640625,generated_token
harmful_k03,24,38,23,23,-3.317934782608696,2.2016567515212873,-7.0625,1.984375,generated_token
harmful_k03,24,39,23,23,-3.7958559782608696,1.83090052566613,-8.0625,1.9609375,generated_token
harmful_k03,24,40,23,23,-4.381793478260869,1.6284166038848311,-6.8125,0.171875,generated_token
harmful_k03,24,41,23,23,-4.503396739130435,1.4188040992149376,-7.125,-2.40625,generated_token
harmful_k03,24,42,23,23,-3.9707880434782608,2.0316023069026903,-8.375,0.66796875,generated_token
harmful_k03,24,43,23,23,-4.020380434782608,2.238216782164006,-7.84375,2.015625,generated_token
harmful_k03,24,44,23,23,-4.046195652173913,2.3236172625104348,-7.03125,1.75,generated_token
harmful_k03,24,45,23,23,-4.063603940217392,1.6313915148610072,-6.90625,-0.306640625,generated_token
harmful_k03,24,46,23,23,-3.5737516983695654,2.074840980561004,-6.5625,0.1630859375,generated_token
harmful_k03,27,0,25,25,-2.05109375,2.0659398133828453,-6.0,1.296875,generated_token
harmful_k03,27,1,25,25,-4.37796875,2.2130286093527585,-8.5625,1.3828125,generated_token
harmful_k03,27,2,25,25,-5.165,2.408071719769177,-8.8125,2.109375,generated_token
harmful_k03,27,3,25,25,-4.16390625,2.3584611765938934,-8.1875,0.75390625,generated_token
harmful_k03,27,4,25,25,-4.5378125,2.3052909366260548,-7.96875,0.76171875,generated_token
harmful_k03,27,5,25,25,-4.786015625,2.794494870967257,-9.1875,2.375,generated_token
harmful_k03,27,6,25,25,-5.3334375,2.735746233558055,-8.9375,3.234375,generated_token
harmful_k03,27,7,25,25,-5.775,3.0154259703319006,-9.25,3.890625,generated_token
harmful_k03,27,8,25,25,-5.47298828125,3.0244845720972777,-10.375,2.40625,generated_token
harmful_k03,27,9,25,25,-5.69953125,3.440783957523381,-10.1875,2.28125,generated_token
harmful_k03,27,10,25,25,-5.34453125,3.621969074018238,-10.0625,2.71875,generated_token
harmful_k03,27,11,25,25,-5.09125,3.424690865629501,-10.5,2.0,generated_token
harmful_k03,27,12,25,25,-4.47365234375,3.769023708191006,-12.25,1.671875,generated_token
harmful_k03,27,13,25,25,-3.515546875,3.2139268054298946,-10.1875,2.890625,generated_token
harmful_k03,27,14,24,24,-4.0135498046875,3.2809760293254406,-10.375,0.9375,generated_token
harmful_k03,27,15,24,24,-3.7877604166666665,2.822324577593129,-10.9375,1.46875,generated_token
harmful_k03,27,16,24,24,-4.760009765625,2.9753075879344655,-10.125,0.16015625,generated_token
harmful_k03,27,17,24,24,-4.234456380208333,2.6495679069135396,-9.5625,-0.36328125,generated_token
harmful_k03,27,18,24,24,-4.490885416666667,3.0147824440594477,-10.6875,2.015625,generated_token
harmful_k03,27,19,24,24,-4.533447265625,2.7731091278653945,-8.5,0.6015625,generated_token
harmful_k03,27,20,24,24,-4.397298177083333,2.8507712476065654,-9.75,2.03125,generated_token
harmful_k03,27,21,24,24,-4.291178385416667,2.7635333863957774,-9.875,1.25,generated_token
harmful_k03,27,22,24,24,-4.64990234375,2.4114651290182136,-8.4375,-0.40234375,generated_token
harmful_k03,27,23,24,24,-4.9019775390625,2.6521979652991066,-10.1875,0.2353515625,generated_token
harmful_k03,27,24,24,24,-4.445231119791667,2.5187753278601805,-8.875,0.251953125,generated_token
harmful_k03,27,25,24,24,-5.24542236328125,2.59668506800338,-9.3125,0.56640625,generated_token
harmful_k03,27,26,24,24,-5.581380208333333,1.9798724442983198,-8.6875,-1.0078125,generated_token
harmful_k03,27,27,24,24,-5.707682291666667,2.7285603127046327,-10.0,-0.6015625,generated_token
harmful_k03,27,28,24,24,-5.215861002604167,2.7868098156518677,-10.75,1.71875,generated_token
harmful_k03,27,29,23,23,-6.194293478260869,1.8245632679527315,-9.3125,-3.859375,generated_token
harmful_k03,27,30,23,23,-7.006793478260869,2.0069283962095783,-9.75,-3.390625,generated_token
harmful_k03,27,31,23,23,-6.840353260869565,2.073125803591594,-10.0,-2.53125,generated_token
harmful_k03,27,32,23,23,-6.039826766304348,2.7774364437962915,-9.75,-0.349609375,generated_token
harmful_k03,27,33,23,23,-5.5838145380434785,2.5005197791348945,-9.875,-0.326171875,generated_token
harmful_k03,27,34,23,23,-5.873641304347826,2.947044843523133,-10.875,-1.4921875,generated_token
harmful_k03,27,35,23,23,-6.187839673913044,2.6024980810092813,-9.9375,1.0234375,generated_token
harmful_k03,27,36,23,23,-6.165760869565218,2.1789439975544935,-9.875,-1.703125,generated_token
harmful_k03,27,37,23,23,-5.278277853260869,2.5686512044149197,-10.8125,-0.330078125,generated_token
harmful_k03,27,38,23,23,-6.041779891304348,2.777159552987265,-9.875,0.62109375,generated_token
harmful_k03,27,39,23,23,-6.150815217391305,2.393359244340677,-10.8125,-0.6171875,generated_token
harmful_k03,27,40,23,23,-6.944123641304348,2.2238431094545756,-10.6875,-0.96484375,generated_token
harmful_k03,27,41,23,23,-6.817255434782608,2.083620312291322,-11.0,-2.015625,generated_token
harmful_k03,27,42,23,23,-6.7325917119565215,2.6523316500272283,-10.875,-0.255859375,generated_token
harmful_k03,27,43,23,23,-6.4376698369565215,2.561040824896196,-11.1875,-0.83984375,generated_token
harmful_k03,27,44,23,23,-6.711574388586956,3.20214032327709,-11.125,1.6796875,generated_token
harmful_k03,27,45,23,23,-6.578125,1.7856865105388613,-9.9375,-3.984375,generated_token
harmful_k03,27,46,23,23,-5.879415760869565,2.6460856098298375,-10.4375,-1.2734375,generated_token
harmful_k10,16,0,25,25,1.45873046875,0.6891544133688026,-0.04345703125,2.84375,generated_token
harmful_k10,16,1,25,25,0.82427734375,1.2874572802372801,-0.73828125,3.84375,generated_token
harmful_k10,16,2,25,25,0.8017724609375,0.8900192751877778,-0.921875,2.53125,generated_token
harmful_k10,16,3,25,25,0.981640625,1.4827291633386666,-2.015625,2.859375,generated_token
harmful_k10,16,4,25,25,1.223359375,1.3129550060379243,-1.3671875,2.84375,generated_token
harmful_k10,16,5,25,25,0.84515625,1.375147438236359,-1.28125,2.59375,generated_token
harmful_k10,16,6,25,25,0.73453125,1.5313830591635882,-1.984375,2.703125,generated_token
harmful_k10,16,7,25,25,0.627578125,1.6161350844486082,-2.1875,3.140625,generated_token
harmful_k10,16,8,24,24,0.353515625,1.384880302117517,-1.65625,3.0625,generated_token
harmful_k10,16,9,23,23,0.09873498004415761,1.1908083657580826,-2.234375,2.015625,generated_token
harmful_k10,16,10,23,23,-0.008555536684782608,1.0912117362746365,-1.8515625,1.5546875,generated_token
harmful_k10,16,11,23,23,-0.00033967391304347825,1.3221370280303157,-2.1875,1.9375,generated_token
harmful_k10,16,12,23,23,-0.14334239130434784,1.186170315650985,-2.203125,1.7265625,generated_token
harmful_k10,16,13,23,23,-0.2507218070652174,1.133844900044733,-2.671875,1.3984375,generated_token
harmful_k10,16,14,23,23,-0.13202700407608695,1.1364752435516636,-2.3125,1.46875,generated_token
harmful_k10,16,15,23,23,-0.11005965523097826,1.269759957974299,-2.203125,1.71875,generated_token
harmful_k10,16,16,23,23,0.039370329483695655,1.468012505096383,-2.53125,2.375,generated_token
harmful_k10,16,17,23,23,-0.18842348845108695,1.231792923042607,-2.171875,2.15625,generated_token
harmful_k10,16,18,23,23,-0.49772843070652173,1.1074945786143593,-2.375,2.03125,generated_token
harmful_k10,16,19,22,22,-0.5969432484019886,0.9078627967600061,-2.1875,1.3515625,generated_token
harmful_k10,16,20,22,22,-0.6303357211026278,1.1619417958274167,-2.265625,2.140625,generated_token
harmful_k10,16,21,22,22,-0.4623080166903409,1.246472846667424,-2.09375,2.390625,generated_token
harmful_k10,16,22,22,22,-0.5700905539772727,1.2463548529576935,-2.453125,2.59375,generated_token
harmful_k10,16,23,21,21,-0.27725074404761907,1.2808905922596683,-2.125,2.390625,generated_token
harmful_k10,16,24,21,21,-0.5580051967075893,1.2126125660096203,-2.3125,1.7890625,generated_token
harmful_k10,16,25,21,21,-0.6628999255952381,1.1383461276026017,-2.6875,1.4140625,generated_token
harmful_k10,16,26,21,21,-0.5083705357142857,1.183124091865065,-2.015625,1.7109375,generated_token
harmful_k10,16,27,21,21,-0.7550339471726191,1.1418024660723094,-2.71875,1.2890625,generated_token
harmful_k10,16,28,21,21,-0.6839192708333334,1.1760513992289787,-2.609375,1.25,generated_token
harmful_k10,16,29,21,21,-0.8380795433407738,1.2168355203778207,-2.640625,2.015625,generated_token
harmful_k10,16,30,21,21,-0.6390904017857143,1.2135601392346127,-2.390625,2.109375,generated_token
harmful_k10,16,31,21,21,-0.7495349702380952,0.8806871940492398,-2.796875,1.0625,generated_token
harmful_k10,16,32,21,21,-0.8019903273809523,1.0012396712496396,-2.4375,1.21875,generated_token
harmful_k10,16,33,21,21,-0.8949294317336309,1.0478292830124327,-2.09375,1.546875,generated_token
harmful_k10,16,34,21,21,-0.6637834821428571,0.999854322449154,-2.28125,1.0,generated_token
harmful_k10,16,35,21,21,-0.7161574590773809,1.049210731084266,-2.0625,1.59375,generated_token
harmful_k10,16,36,21,21,-0.8141973586309523,1.0626522361192434,-2.28125,1.140625,generated_token
harmful_k10,16,37,21,21,-1.0811128162202381,0.8406244948175107,-2.359375,0.62890625,generated_token
harmful_k10,16,38,21,21,-1.0551060267857142,0.7673555440385003,-2.421875,0.0732421875,generated_token
harmful_k10,16,39,21,21,-0.9327799479166666,0.9477598347020701,-2.140625,0.7421875,generated_token
harmful_k10,16,40,21,21,-1.0121561686197917,0.8608893675757424,-2.296875,0.83203125,generated_token
harmful_k10,16,41,21,21,-1.0110880533854167,1.1115194453215396,-2.96875,1.984375,generated_token
harmful_k10,16,42,21,21,-1.0917387462797619,0.9527999758523225,-2.5625,1.2578125,generated_token
harmful_k10,16,43,21,21,-0.8615606398809523,0.9891120358161614,-2.109375,0.94140625,generated_token
harmful_k10,16,44,21,21,-0.8051525297619048,0.8912389208864812,-2.328125,0.73828125,generated_token
harmful_k10,16,45,21,21,-0.8067336309523809,0.8143607271550637,-1.9765625,1.171875,generated_token
harmful_k10,16,46,21,21,-0.9035063244047619,0.7631045598877033,-2.25,0.53125,generated_token
harmful_k10,20,0,25,25,1.15333984375,0.8074707055855493,-0.453125,2.828125,generated_token
harmful_k10,20,1,25,25,1.1587109375,1.659817036279663,-1.3671875,5.21875,generated_token
harmful_k10,20,2,25,25,0.503662109375,1.3753638183558494,-2.265625,3.3125,generated_token
harmful_k10,20,3,25,25,1.10265625,2.133480285510534,-2.6875,3.75,generated_token
harmful_k10,20,4,25,25,1.3331640625,2.090532662139622,-2.640625,4.1875,generated_token
harmful_k10,20,5,25,25,0.7915234375,2.031035957209709,-2.71875,3.4375,generated_token
harmful_k10,20,6,25,25,0.499169921875,2.054778540640669,-2.890625,3.28125,generated_token
harmful_k10,20,7,25,25,0.242568359375,2.138124246702161,-2.9375,3.734375,generated_token
harmful_k10,20,8,24,24,-0.238433837890625,1.9020863940373751,-3.046875,3.3125,generated_token
harmful_k10,20,9,23,23,-0.20176630434782608,1.6764641701450544,-3.328125,2.328125,generated_token
harmful_k10,20,10,23,23,-0.43002717391304346,1.5918646721756096,-2.96875,2.1875,generated_token
harmful_k10,20,11,23,23,-0.5961471225904382,1.983780859910611,-3.515625,2.5,generated_token
harmful_k10,20,12,23,23,-0.7140688688858695,1.6751276697590018,-3.5,1.9140625,generated_token
harmful_k10,20,13,23,23,-0.9065684442934783,1.5357393801377839,-3.859375,2.1875,generated_token
harmful_k10,20,14,23,23,-0.7018936820652174,1.4078177979164577,-3.734375,1.234375,generated_token
harmful_k10,20,15,23,23,-0.7110383406929348,1.538222791366902,-3.28125,1.8125,generated_token
harmful_k10,20,16,23,23,-0.4747367527173913,1.8337604370394096,-4.0,2.546875,generated_token
harmful_k10,20,17,23,23,-0.578475288722826,1.5368057676022862,-3.109375,2.6875,generated_token
harmful_k10,20,18,23,23,-1.166206691576087,1.1496615211319998,-3.25,1.6953125,generated_token
harmful_k10,20,19,22,22,-1.34698486328125,1.0186970370110602,-2.90625,0.400390625,generated_token
harmful_k10,20,20,22,22,-1.4739435369318181,1.1589581165221063,-3.125,1.8828125,generated_token
harmful_k10,20,21,22,22,-1.2213245738636365,1.2574933489190347,-3.34375,1.375,generated_token
harmful_k10,20,22,22,22,-1.1649724786931819,1.4357977658585495,-3.296875,3.203125,generated_token
harmful_k10,20,23,21,21,-0.7596726190476191,1.4961025755224855,-3.078125,2.359375,generated_token
harmful_k10,20,24,21,21,-1.2098214285714286,1.5044987382295354,-2.9375,2.125,generated_token
harmful_k10,20,25,21,21,-1.4536830357142858,1.3508742352695926,-3.65625,1.1953125,generated_token
harmful_k10,20,26,21,21,-1.1936848958333333,1.198102314150053,-2.375,1.40625,generated_token
harmful_k10,20,27,21,21,-1.3498418898809523,1.189787254260109,-3.34375,0.8046875,generated_token
harmful_k10,20,28,21,21,-1.4808291480654763,1.0810804730822736,-3.40625,0.494140625,generated_token
harmful_k10,20,29,21,21,-1.5753348214285714,1.3109477095528714,-4.40625,1.8828125,generated_token
harmful_k10,20,30,21,21,-1.4508696056547619,1.1352825777229403,-3.125,1.046875,generated_token
harmful_k10,20,31,21,21,-1.5051037016369047,1.140896636559094,-3.609375,1.078125,generated_token
harmful_k10,20,32,21,21,-1.634858630952381,0.9955832170895095,-3.125,1.34375,generated_token
harmful_k10,20,33,21,21,-1.615141369047619,1.385010842537766,-3.15625,2.453125,generated_token
harmful_k10,20,34,21,21,-1.3585670107886905,1.1355736306303557,-3.5625,0.6015625,generated_token
harmful_k10,20,35,21,21,-1.3283240908668155,1.0877290548207976,-2.78125,1.3515625,generated_token
harmful_k10,20,36,21,21,-1.4441731770833333,1.1265224257425535,-2.921875,0.6953125,generated_token
harmful_k10,20,37,21,21,-1.7406063988095237,0.9684502156819271,-3.203125,0.4921875,generated_token
harmful_k10,20,38,21,21,-1.6551339285714286,0.8200372890806252,-3.265625,0.25390625,generated_token
harmful_k10,20,39,21,21,-1.5373883928571428,1.103118885352163,-3.453125,0.3203125,generated_token
harmful_k10,20,40,21,21,-1.6996605282738095,0.9554522247602405,-3.109375,-0.04736328125,generated_token
harmful_k10,20,41,21,21,-1.9696800595238095,1.0301810753637315,-3.5,0.43359375,generated_token
harmful_k10,20,42,21,21,-1.9297703334263392,0.9686150600654226,-3.21875,0.007049560546875,generated_token
harmful_k10,20,43,21,21,-1.6443917410714286,1.1762739817443455,-3.328125,0.78125,generated_token
harmful_k10,20,44,21,21,-1.4579496837797619,0.957921712056101,-2.875,0.392578125,generated_token
harmful_k10,20,45,21,21,-1.6322544642857142,1.2115738535338918,-3.265625,1.859375,generated_token
harmful_k10,20,46,21,21,-1.5835658482142858,0.8375474245353351,-3.046875,0.1630859375,generated_token
harmful_k10,24,0,25,25,-0.8232421875,1.2523380031124638,-3.234375,1.6640625,generated_token
harmful_k10,24,1,25,25,-0.63927734375,2.6348973188957214,-5.1875,5.5,generated_token
harmful_k10,24,2,25,25,-1.4878125,2.2618964920083977,-5.0625,3.515625,generated_token
harmful_k10,24,3,25,25,-0.808330078125,2.5058067416547853,-5.03125,2.828125,generated_token
harmful_k10,24,4,25,25,-0.6459375,3.1395395162385578,-6.625,4.25,generated_token
harmful_k10,24,5,25,25,-0.9923828125,2.932752790945785,-6.625,3.125,generated_token
harmful_k10,24,6,25,25,-1.7153515625,2.688653552271745,-5.6875,2.796875,generated_token
harmful_k10,24,7,25,25,-1.91984375,2.6464421818784465,-6.0625,2.640625,generated_token
harmful_k10,24,8,24,24,-2.4983723958333335,2.7354120016976684,-7.15625,1.8359375,generated_token
harmful_k10,24,9,23,23,-2.2226987092391304,2.7897276755685585,-6.59375,2.375,generated_token
harmful_k10,24,10,23,23,-2.729364809782609,2.573630025655967,-7.4375,2.328125,generated_token
harmful_k10,24,11,23,23,-3.174422554347826,2.747474105273852,-7.34375,1.4140625,generated_token
harmful_k10,24,12,23,23,-3.2598505434782608,2.5333173281663512,-7.1875,1.046875,generated_token
harmful_k10,24,13,23,23,-3.450322690217391,2.245499460201157,-6.90625,1.09375,generated_token
harmful_k10,24,14,23,23,-3.2155867866847827,2.2206751418104154,-7.34375,1.3203125,generated_token
harmful_k10,24,15,23,23,-3.419624660326087,2.138403444028129,-7.78125,0.78125,generated_token
harmful_k10,24,16,23,23,-3.2145040760869565,2.3937712558858486,-7.5625,1.0,generated_token
harmful_k10,24,17,23,23,-3.402768342391304,2.163446408448886,-6.90625,1.921875,generated_token
harmful_k10,24,18,23,23,-4.0458984375,1.6229622875907515,-7.375,0.1474609375,generated_token
harmful_k10,24,19,22,22,-4.291193181818182,1.3979129973306852,-6.6875,-2.265625,generated_token
harmful_k10,24,20,22,22,-4.377291592684659,1.6058307195599146,-6.53125,0.0277099609375,generated_token
harmful_k10,24,21,22,22,-4.251065340909091,1.6767221808501664,-6.71875,-1.390625,generated_token
harmful_k10,24,22,22,22,-4.103338068181818,1.9650379720616105,-6.71875,1.84375,generated_token
harmful_k10,24,23,21,21,-3.4455798921130953,1.8824466015877446,-6.46875,0.056884765625,generated_token
harmful_k10,24,24,21,21,-3.9755394345238093,1.9673875357341735,-6.125,1.046875,generated_token
harmful_k10,24,25,21,21,-4.430803571428571,1.8817769547779786,-7.0625,-0.84375,generated_token
harmful_k10,24,26,21,21,-3.646763392857143,1.7751981260071341,-5.78125,0.37109375,generated_token
harmful_k10,24,27,21,21,-3.9505208333333335,1.7365472976360543,-7.0625,-0.734375,generated_token
harmful_k10,24,28,21,21,-4.253069196428571,1.7609536356748217,-7.65625,-0.455078125,generated_token
harmful_k10,24,29,21,21,-4.210007440476191,1.9701476564643448,-9.3125,-0.64453125,generated_token
harmful_k10,24,30,21,21,-4.285342261904762,1.9501189664851062,-7.78125,-0.4921875,generated_token
harmful_k10,24,31,21,21,-4.432291666666667,1.9757920363073838,-7.5625,-0.69921875,generated_token
harmful_k10,24,32,21,21,-4.831101190476191,1.6703893738713325,-7.28125,-1.078125,generated_token
harmful_k10,24,33,21,21,-4.510788690476191,1.9762698588182515,-8.125,0.9609375,generated_token
harmful_k10,24,34,21,21,-4.102120535714286,1.7374621866469215,-8.3125,-0.56640625,generated_token
harmful_k10,24,35,21,21,-4.207403273809524,1.4699545762508104,-6.03125,-0.65234375,generated_token
harmful_k10,24,36,21,21,-4.586216517857143,1.4617086614787953,-6.0625,-0.435546875,generated_token
harmful_k10,24,37,21,21,-4.741815476190476,1.3077352038800751,-7.03125,-2.71875,generated_token
harmful_k10,24,38,21,21,-4.465773809523809,1.2963912788360856,-7.15625,-1.34375,generated_token
harmful_k10,24,39,21,21,-4.409970238095238,1.4659623209392831,-8.125,-2.203125,generated_token
harmful_k10,24,40,21,21,-4.5398065476190474,1.9325445460891832,-7.03125,0.9296875,generated_token
harmful_k10,24,41,21,21,-5.34375,1.3556972519934163,-8.0,-2.734375,generated_token
harmful_k10,24,42,21,21,-5.244791666666667,1.4493679028143038,-7.78125,-2.4375,generated_token
harmful_k10,24,43,21,21,-4.8984375,1.6989663964911872,-7.75,-1.4296875,generated_token
harmful_k10,24,44,21,21,-4.362723214285714,1.8584467408307572,-6.625,1.5390625,generated_token
harmful_k10,24,45,21,21,-4.481770833333333,2.245162624028231,-7.46875,1.3359375,generated_token
harmful_k10,24,46,21,21,-4.494047619047619,1.4650258319374603,-8.125,-1.96875,generated_token
harmful_k10,27,0,25,25,-0.2340673828125,1.710591842740946,-3.3125,2.6875,generated_token
harmful_k10,27,1,25,25,-1.5690625,2.8854563583416692,-6.9375,3.90625,generated_token
harmful_k10,27,2,25,25,-3.149375,2.6569395551045507,-7.96875,2.8125,generated_token
harmful_k10,27,3,25,25,-1.6958795166015626,2.571371085286001,-6.6875,2.125,generated_token
harmful_k10,27,4,25,25,-2.5378125,3.20446525409424,-9.0625,2.203125,generated_token
harmful_k10,27,5,25,25,-3.10828125,3.4520034041021423,-9.8125,1.5546875,generated_token
harmful_k10,27,6,25,25,-3.858671875,3.5682599926579694,-9.3125,2.453125,generated_token
harmful_k10,27,7,25,25,-3.96,3.0210479898590243,-8.0,2.1875,generated_token
harmful_k10,27,8,24,24,-4.683390299479167,3.572727748247405,-10.4375,2.8125,generated_token
harmful_k10,27,9,23,23,-4.711701766304348,3.4971527179803217,-9.8125,1.625,generated_token
harmful_k10,27,10,23,23,-5.373980978260869,3.3799728527469286,-11.1875,1.5390625,generated_token
harmful_k10,27,11,23,23,-5.571501358695652,3.3397171599278592,-11.0625,-0.2109375,generated_token
harmful_k10,27,12,23,23,-5.7833729619565215,3.375525997443549,-11.625,-0.337890625,generated_token
harmful_k10,27,13,23,23,-6.043817934782608,2.9864947512175983,-9.875,0.306640625,generated_token
harmful_k10,27,14,23,23,-5.943486752717392,2.906637847233506,-10.8125,-0.1220703125,generated_token
harmful_k10,27,15,23,23,-5.833899456521739,2.7347161083820555,-11.1875,-1.2578125,generated_token
harmful_k10,27,16,23,23,-5.729534646739131,3.1560319947563156,-11.25,-0.306640625,generated_token
harmful_k10,27,17,23,23,-6.211956521739131,2.7957869347772983,-11.8125,2.28125,generated_token
harmful_k10,27,18,23,23,-6.7146739130434785,2.6243963109234354,-10.5625,1.96875,generated_token
harmful_k10,27,19,22,22,-7.236505681818182,2.326765320112214,-11.25,-2.75,generated_token
harmful_k10,27,20,22,22,-7.128972833806818,2.2365429842968196,-10.625,-0.11865234375,generated_token
harmful_k10,27,21,22,22,-6.8996803977272725,2.776105196080199,-11.5,-0.98046875,generated_token
harmful_k10,27,22,22,22,-6.432528409090909,3.1160190380888033,-10.8125,2.875,generated_token
harmful_k10,27,23,21,21,-5.715669177827381,2.865491418913879,-10.25,0.049072265625,generated_token
harmful_k10,27,24,21,21,-6.853155226934524,2.9977801788886236,-10.5625,-0.049072265625,generated_token
harmful_k10,27,25,21,21,-6.952008928571429,2.6383499418645373,-10.625,-0.9296875,generated_token
harmful_k10,27,26,21,21,-6.299479166666667,2.447280225332212,-9.875,-1.1015625,generated_token
harmful_k10,27,27,21,21,-6.694196428571429,2.2415889413857433,-10.0,-2.03125,generated_token
harmful_k10,27,28,21,21,-6.7648809523809526,2.2506426826840036,-11.0625,-2.8125,generated_token
harmful_k10,27,29,21,21,-6.9499627976190474,2.526620241254606,-12.5,-0.74609375,generated_token
harmful_k10,27,30,21,21,-6.509672619047619,2.763803585379494,-11.6875,-2.125,generated_token
harmful_k10,27,31,21,21,-6.835565476190476,2.4568126097455547,-10.625,-1.75,generated_token
harmful_k10,27,32,21,21,-7.192336309523809,2.050927042720197,-10.0625,-1.7265625,generated_token
harmful_k10,27,33,21,21,-7.392857142857143,2.203658433394665,-11.0625,-2.25,generated_token
harmful_k10,27,34,21,21,-6.417410714285714,2.546659993115633,-11.625,-1.5,generated_token
harmful_k10,27,35,21,21,-6.440848214285714,2.2800946499483774,-10.0625,-1.6796875,generated_token
harmful_k10,27,36,21,21,-7.153645833333333,2.0346146012257047,-9.9375,-1.7109375,generated_token
harmful_k10,27,37,21,21,-7.678571428571429,1.7935197711881676,-10.5,-4.0625,generated_token
harmful_k10,27,38,21,21,-6.799107142857143,2.060897138265015,-9.75,-2.328125,generated_token
harmful_k10,27,39,21,21,-7.425595238095238,1.7179963174367372,-12.3125,-5.53125,generated_token
harmful_k10,27,40,21,21,-7.394345238095238,2.771832302913759,-10.625,2.1875,generated_token
harmful_k10,27,41,21,21,-8.09077380952381,1.9805919836389225,-10.375,-2.34375,generated_token
harmful_k10,27,42,21,21,-8.223958333333334,2.179288904713722,-11.375,-3.890625,generated_token
harmful_k10,27,43,21,21,-7.375,2.6377480629791012,-11.375,-1.9375,generated_token
harmful_k10,27,44,21,21,-6.3444940476190474,3.0062697999545955,-9.9375,3.03125,generated_token
harmful_k10,27,45,21,21,-6.845982142857143,3.562566082563793,-11.25,3.53125,generated_token
harmful_k10,27,46,21,21,-7.338169642857143,2.194935942539708,-11.5625,-1.4765625,generated_token
