dataset,condition,layer,target_position,alpha,direction_type,seed,n_prompts,restored,lost,unchanged,restoration_rate,loss_rate
harmful,harmful_k03,16,0,1.0,orthogonal,42,25,1,0,24,0.04,0.0
harmful,harmful_k03,16,0,1.0,orthogonal,43,25,0,0,25,0.0,0.0
harmful,harmful_k03,16,0,1.0,orthogonal,44,25,0,0,25,0.0,0.0
harmful,harmful_k03,16,0,1.0,orthogonal,45,25,1,0,24,0.04,0.0
harmful,harmful_k03,16,0,1.0,orthogonal,46,25,0,0,25,0.0,0.0
harmful,harmful_k03,16,0,1.0,random,42,25,0,0,25,0.0,0.0
harmful,harmful_k03,16,0,1.0,random,43,25,0,0,25,0.0,0.0
harmful,harmful_k03,16,0,1.0,random,44,25,0,0,25,0.0,0.0
harmful,harmful_k03,16,0,1.0,random,45,25,1,0,24,0.04,0.0
harmful,harmful_k03,16,0,1.0,random,46,25,1,0,24,0.04,0.0
harmful,harmful_k03,16,0,1.0,refusal,42,25,0,0,25,0.0,0.0
harmful,harmful_k03,16,0,2.0,orthogonal,42,25,0,1,24,0.0,0.04
harmful,harmful_k03,16,0,2.0,orthogonal,43,25,1,0,24,0.04,0.0
harmful,harmful_k03,16,0,2.0,orthogonal,44,25,0,0,25,0.0,0.0
harmful,harmful_k03,16,0,2.0,orthogonal,45,25,0,1,24,0.0,0.04
harmful,harmful_k03,16,0,2.0,orthogonal,46,25,2,0,23,0.08,0.0
harmful,harmful_k03,16,0,2.0,random,42,25,0,1,24,0.0,0.04
harmful,harmful_k03,16,0,2.0,random,43,25,1,0,24,0.04,0.0
harmful,harmful_k03,16,0,2.0,random,44,25,0,0,25,0.0,0.0
harmful,harmful_k03,16,0,2.0,random,45,25,0,0,25,0.0,0.0
harmful,harmful_k03,16,0,2.0,random,46,25,0,0,25,0.0,0.0
harmful,harmful_k03,16,0,2.0,refusal,42,25,1,0,24,0.04,0.0
harmful,harmful_k03,16,1,1.0,orthogonal,42,25,0,0,25,0.0,0.0
harmful,harmful_k03,16,1,1.0,orthogonal,43,25,0,0,25,0.0,0.0
harmful,harmful_k03,16,1,1.0,orthogonal,44,25,0,0,25,0.0,0.0
harmful,harmful_k03,16,1,1.0,orthogonal,45,25,0,0,25,0.0,0.0
harmful,harmful_k03,16,1,1.0,orthogonal,46,25,0,0,25,0.0,0.0
harmful,harmful_k03,16,1,1.0,random,42,25,0,0,25,0.0,0.0
harmful,harmful_k03,16,1,1.0,random,43,25,0,0,25,0.0,0.0
harmful,harmful_k03,16,1,1.0,random,44,25,0,0,25,0.0,0.0
harmful,harmful_k03,16,1,1.0,random,45,25,0,0,25,0.0,0.0
harmful,harmful_k03,16,1,1.0,random,46,25,1,0,24,0.04,0.0
harmful,harmful_k03,16,1,1.0,refusal,42,25,1,0,24,0.04,0.0
harmful,harmful_k03,16,1,2.0,orthogonal,42,25,0,0,25,0.0,0.0
harmful,harmful_k03,16,1,2.0,orthogonal,43,25,0,0,25,0.0,0.0
harmful,harmful_k03,16,1,2.0,orthogonal,44,25,0,0,25,0.0,0.0
harmful,harmful_k03,16,1,2.0,orthogonal,45,25,0,0,25,0.0,0.0
harmful,harmful_k03,16,1,2.0,orthogonal,46,25,0,0,25,0.0,0.0
harmful,harmful_k03,16,1,2.0,random,42,25,0,0,25,0.0,0.0
harmful,harmful_k03,16,1,2.0,random,43,25,0,0,25,0.0,0.0
harmful,harmful_k03,16,1,2.0,random,44,25,1,0,24,0.04,0.0
harmful,harmful_k03,16,1,2.0,random,45,25,0,0,25,0.0,0.0
harmful,harmful_k03,16,1,2.0,random,46,25,0,0,25,0.0,0.0
harmful,harmful_k03,16,1,2.0,refusal,42,25,0,1,24,0.0,0.04
harmful,harmful_k03,16,3,1.0,orthogonal,42,25,0,1,24,0.0,0.04
harmful,harmful_k03,16,3,1.0,orthogonal,43,25,1,0,24,0.04,0.0
harmful,harmful_k03,16,3,1.0,orthogonal,44,25,0,0,25,0.0,0.0
harmful,harmful_k03,16,3,1.0,orthogonal,45,25,0,1,24,0.0,0.04
harmful,harmful_k03,16,3,1.0,orthogonal,46,25,1,0,24,0.04,0.0
harmful,harmful_k03,16,3,1.0,random,42,25,0,0,25,0.0,0.0
harmful,harmful_k03,16,3,1.0,random,43,25,0,0,25,0.0,0.0
harmful,harmful_k03,16,3,1.0,random,44,25,0,0,25,0.0,0.0
harmful,harmful_k03,16,3,1.0,random,45,25,0,1,24,0.0,0.04
harmful,harmful_k03,16,3,1.0,random,46,25,0,1,24,0.0,0.04
harmful,harmful_k03,16,3,1.0,refusal,42,25,0,0,25,0.0,0.0
harmful,harmful_k03,16,3,2.0,orthogonal,42,25,0,1,24,0.0,0.04
harmful,harmful_k03,16,3,2.0,orthogonal,43,25,0,1,24,0.0,0.04
harmful,harmful_k03,16,3,2.0,orthogonal,44,25,1,0,24,0.04,0.0
harmful,harmful_k03,16,3,2.0,orthogonal,45,25,1,0,24,0.04,0.0
harmful,harmful_k03,16,3,2.0,orthogonal,46,25,1,0,24,0.04,0.0
harmful,harmful_k03,16,3,2.0,random,42,25,0,0,25,0.0,0.0
harmful,harmful_k03,16,3,2.0,random,43,25,0,0,25,0.0,0.0
harmful,harmful_k03,16,3,2.0,random,44,25,0,0,25,0.0,0.0
harmful,harmful_k03,16,3,2.0,random,45,25,0,1,24,0.0,0.04
harmful,harmful_k03,16,3,2.0,random,46,25,0,1,24,0.0,0.04
harmful,harmful_k03,16,3,2.0,refusal,42,25,2,0,23,0.08,0.0
harmful,harmful_k03,24,0,1.0,orthogonal,42,25,1,0,24,0.04,0.0
harmful,harmful_k03,24,0,1.0,orthogonal,43,25,0,0,25,0.0,0.0
harmful,harmful_k03,24,0,1.0,orthogonal,44,25,0,0,25,0.0,0.0
harmful,harmful_k03,24,0,1.0,orthogonal,45,25,0,0,25,0.0,0.0
harmful,harmful_k03,24,0,1.0,orthogonal,46,25,0,0,25,0.0,0.0
harmful,harmful_k03,24,0,1.0,random,42,25,0,0,25,0.0,0.0
harmful,harmful_k03,24,0,1.0,random,43,25,0,0,25,0.0,0.0
harmful,harmful_k03,24,0,1.0,random,44,25,0,0,25,0.0,0.0
harmful,harmful_k03,24,0,1.0,random,45,25,0,0,25,0.0,0.0
harmful,harmful_k03,24,0,1.0,random,46,25,0,0,25,0.0,0.0
harmful,harmful_k03,24,0,1.0,refusal,42,25,0,0,25,0.0,0.0
harmful,harmful_k03,24,0,2.0,orthogonal,42,25,1,0,24,0.04,0.0
harmful,harmful_k03,24,0,2.0,orthogonal,43,25,0,0,25,0.0,0.0
harmful,harmful_k03,24,0,2.0,orthogonal,44,25,0,0,25,0.0,0.0
harmful,harmful_k03,24,0,2.0,orthogonal,45,25,0,0,25,0.0,0.0
harmful,harmful_k03,24,0,2.0,orthogonal,46,25,0,0,25,0.0,0.0
harmful,harmful_k03,24,0,2.0,random,42,25,0,0,25,0.0,0.0
harmful,harmful_k03,24,0,2.0,random,43,25,0,0,25,0.0,0.0
harmful,harmful_k03,24,0,2.0,random,44,25,1,0,24,0.04,0.0
harmful,harmful_k03,24,0,2.0,random,45,25,0,1,24,0.0,0.04
harmful,harmful_k03,24,0,2.0,random,46,25,0,0,25,0.0,0.0
harmful,harmful_k03,24,0,2.0,refusal,42,25,0,0,25,0.0,0.0
harmful,harmful_k03,24,1,1.0,orthogonal,42,25,0,0,25,0.0,0.0
harmful,harmful_k03,24,1,1.0,orthogonal,43,25,0,0,25,0.0,0.0
harmful,harmful_k03,24,1,1.0,orthogonal,44,25,0,0,25,0.0,0.0
harmful,harmful_k03,24,1,1.0,orthogonal,45,25,0,0,25,0.0,0.0
harmful,harmful_k03,24,1,1.0,orthogonal,46,25,1,0,24,0.04,0.0
harmful,harmful_k03,24,1,1.0,random,42,25,0,0,25,0.0,0.0
harmful,harmful_k03,24,1,1.0,random,43,25,0,0,25,0.0,0.0
harmful,harmful_k03,24,1,1.0,random,44,25,0,0,25,0.0,0.0
harmful,harmful_k03,24,1,1.0,random,45,25,1,0,24,0.04,0.0
harmful,harmful_k03,24,1,1.0,random,46,25,1,0,24,0.04,0.0
harmful,harmful_k03,24,1,1.0,refusal,42,25,0,0,25,0.0,0.0
harmful,harmful_k03,24,1,2.0,orthogonal,42,25,1,0,24,0.04,0.0
harmful,harmful_k03,24,1,2.0,orthogonal,43,25,0,0,25,0.0,0.0
harmful,harmful_k03,24,1,2.0,orthogonal,44,25,0,0,25,0.0,0.0
harmful,harmful_k03,24,1,2.0,orthogonal,45,25,0,0,25,0.0,0.0
harmful,harmful_k03,24,1,2.0,orthogonal,46,25,0,0,25,0.0,0.0
harmful,harmful_k03,24,1,2.0,random,42,25,0,0,25,0.0,0.0
harmful,harmful_k03,24,1,2.0,random,43,25,0,0,25,0.0,0.0
harmful,harmful_k03,24,1,2.0,random,44,25,0,0,25,0.0,0.0
harmful,harmful_k03,24,1,2.0,random,45,25,0,0,25,0.0,0.0
harmful,harmful_k03,24,1,2.0,random,46,25,0,0,25,0.0,0.0
harmful,harmful_k03,24,1,2.0,refusal,42,25,0,0,25,0.0,0.0
harmful,harmful_k03,24,3,1.0,orthogonal,42,25,0,0,25,0.0,0.0
harmful,harmful_k03,24,3,1.0,orthogonal,43,25,0,0,25,0.0,0.0
harmful,harmful_k03,24,3,1.0,orthogonal,44,25,0,0,25,0.0,0.0
harmful,harmful_k03,24,3,1.0,orthogonal,45,25,0,0,25,0.0,0.0
harmful,harmful_k03,24,3,1.0,orthogonal,46,25,1,0,24,0.04,0.0
harmful,harmful_k03,24,3,1.0,random,42,25,1,0,24,0.04,0.0
harmful,harmful_k03,24,3,1.0,random,43,25,0,0,25,0.0,0.0
harmful,harmful_k03,24,3,1.0,random,44,25,0,0,25,0.0,0.0
harmful,harmful_k03,24,3,1.0,random,45,25,0,0,25,0.0,0.0
harmful,harmful_k03,24,3,1.0,random,46,25,0,0,25,0.0,0.0
harmful,harmful_k03,24,3,1.0,refusal,42,25,0,0,25,0.0,0.0
harmful,harmful_k03,24,3,2.0,orthogonal,42,25,0,0,25,0.0,0.0
harmful,harmful_k03,24,3,2.0,orthogonal,43,25,0,0,25,0.0,0.0
harmful,harmful_k03,24,3,2.0,orthogonal,44,25,0,0,25,0.0,0.0
harmful,harmful_k03,24,3,2.0,orthogonal,45,25,0,0,25,0.0,0.0
harmful,harmful_k03,24,3,2.0,orthogonal,46,25,0,0,25,0.0,0.0
harmful,harmful_k03,24,3,2.0,random,42,25,0,0,25,0.0,0.0
harmful,harmful_k03,24,3,2.0,random,43,25,0,0,25,0.0,0.0
harmful,harmful_k03,24,3,2.0,random,44,25,0,1,24,0.0,0.04
harmful,harmful_k03,24,3,2.0,random,45,25,0,0,25,0.0,0.0
harmful,harmful_k03,24,3,2.0,random,46,25,0,1,24,0.0,0.04
harmful,harmful_k03,24,3,2.0,refusal,42,25,0,0,25,0.0,0.0
harmful,harmful_k03,27,0,1.0,orthogonal,42,25,0,0,25,0.0,0.0
harmful,harmful_k03,27,0,1.0,orthogonal,43,25,0,0,25,0.0,0.0
harmful,harmful_k03,27,0,1.0,orthogonal,44,25,0,0,25,0.0,0.0
harmful,harmful_k03,27,0,1.0,orthogonal,45,25,0,0,25,0.0,0.0
harmful,harmful_k03,27,0,1.0,orthogonal,46,25,0,0,25,0.0,0.0
harmful,harmful_k03,27,0,1.0,random,42,25,0,0,25,0.0,0.0
harmful,harmful_k03,27,0,1.0,random,43,25,0,0,25,0.0,0.0
harmful,harmful_k03,27,0,1.0,random,44,25,1,0,24,0.04,0.0
harmful,harmful_k03,27,0,1.0,random,45,25,0,0,25,0.0,0.0
harmful,harmful_k03,27,0,1.0,random,46,25,0,0,25,0.0,0.0
harmful,harmful_k03,27,0,1.0,refusal,42,25,0,0,25,0.0,0.0
harmful,harmful_k03,27,0,2.0,orthogonal,42,25,0,0,25,0.0,0.0
harmful,harmful_k03,27,0,2.0,orthogonal,43,25,0,0,25,0.0,0.0
harmful,harmful_k03,27,0,2.0,orthogonal,44,25,0,0,25,0.0,0.0
harmful,harmful_k03,27,0,2.0,orthogonal,45,25,0,0,25,0.0,0.0
harmful,harmful_k03,27,0,2.0,orthogonal,46,25,1,0,24,0.04,0.0
harmful,harmful_k03,27,0,2.0,random,42,25,0,0,25,0.0,0.0
harmful,harmful_k03,27,0,2.0,random,43,25,0,0,25,0.0,0.0
harmful,harmful_k03,27,0,2.0,random,44,25,0,0,25,0.0,0.0
harmful,harmful_k03,27,0,2.0,random,45,25,0,0,25,0.0,0.0
harmful,harmful_k03,27,0,2.0,random,46,25,0,0,25,0.0,0.0
harmful,harmful_k03,27,0,2.0,refusal,42,25,0,0,25,0.0,0.0
harmful,harmful_k03,27,1,1.0,orthogonal,42,25,0,0,25,0.0,0.0
harmful,harmful_k03,27,1,1.0,orthogonal,43,25,0,0,25,0.0,0.0
harmful,harmful_k03,27,1,1.0,orthogonal,44,25,0,0,25,0.0,0.0
harmful,harmful_k03,27,1,1.0,orthogonal,45,25,0,0,25,0.0,0.0
harmful,harmful_k03,27,1,1.0,orthogonal,46,25,0,0,25,0.0,0.0
harmful,harmful_k03,27,1,1.0,random,42,25,0,0,25,0.0,0.0
harmful,harmful_k03,27,1,1.0,random,43,25,0,0,25,0.0,0.0
harmful,harmful_k03,27,1,1.0,random,44,25,0,0,25,0.0,0.0
harmful,harmful_k03,27,1,1.0,random,45,25,0,0,25,0.0,0.0
harmful,harmful_k03,27,1,1.0,random,46,25,0,0,25,0.0,0.0
harmful,harmful_k03,27,1,1.0,refusal,42,25,0,0,25,0.0,0.0
harmful,harmful_k03,27,1,2.0,orthogonal,42,25,0,0,25,0.0,0.0
harmful,harmful_k03,27,1,2.0,orthogonal,43,25,0,0,25,0.0,0.0
harmful,harmful_k03,27,1,2.0,orthogonal,44,25,0,0,25,0.0,0.0
harmful,harmful_k03,27,1,2.0,orthogonal,45,25,0,0,25,0.0,0.0
harmful,harmful_k03,27,1,2.0,orthogonal,46,25,0,0,25,0.0,0.0
harmful,harmful_k03,27,1,2.0,random,42,25,0,0,25,0.0,0.0
harmful,harmful_k03,27,1,2.0,random,43,25,0,0,25,0.0,0.0
harmful,harmful_k03,27,1,2.0,random,44,25,1,0,24,0.04,0.0
harmful,harmful_k03,27,1,2.0,random,45,25,0,0,25,0.0,0.0
harmful,harmful_k03,27,1,2.0,random,46,25,0,0,25,0.0,0.0
harmful,harmful_k03,27,1,2.0,refusal,42,25,0,0,25,0.0,0.0
harmful,harmful_k03,27,3,1.0,orthogonal,42,25,0,0,25,0.0,0.0
harmful,harmful_k03,27,3,1.0,orthogonal,43,25,0,0,25,0.0,0.0
harmful,harmful_k03,27,3,1.0,orthogonal,44,25,0,0,25,0.0,0.0
harmful,harmful_k03,27,3,1.0,orthogonal,45,25,0,0,25,0.0,0.0
harmful,harmful_k03,27,3,1.0,orthogonal,46,25,0,0,25,0.0,0.0
harmful,harmful_k03,27,3,1.0,random,42,25,1,0,24,0.04,0.0
harmful,harmful_k03,27,3,1.0,random,43,25,0,0,25,0.0,0.0
harmful,harmful_k03,27,3,1.0,random,44,25,0,0,25,0.0,0.0
harmful,harmful_k03,27,3,1.0,random,45,25,0,0,25,0.0,0.0
harmful,harmful_k03,27,3,1.0,random,46,25,0,0,25,0.0,0.0
harmful,harmful_k03,27,3,1.0,refusal,42,25,0,0,25,0.0,0.0
harmful,harmful_k03,27,3,2.0,orthogonal,42,25,0,0,25,0.0,0.0
harmful,harmful_k03,27,3,2.0,orthogonal,43,25,0,0,25,0.0,0.0
harmful,harmful_k03,27,3,2.0,orthogonal,44,25,0,0,25,0.0,0.0
harmful,harmful_k03,27,3,2.0,orthogonal,45,25,0,0,25,0.0,0.0
harmful,harmful_k03,27,3,2.0,orthogonal,46,25,0,0,25,0.0,0.0
harmful,harmful_k03,27,3,2.0,random,42,25,0,0,25,0.0,0.0
harmful,harmful_k03,27,3,2.0,random,43,25,0,0,25,0.0,0.0
harmful,harmful_k03,27,3,2.0,random,44,25,1,0,24,0.04,0.0
harmful,harmful_k03,27,3,2.0,random,45,25,0,1,24,0.0,0.04
harmful,harmful_k03,27,3,2.0,random,46,25,0,0,25,0.0,0.0
harmful,harmful_k03,27,3,2.0,refusal,42,25,0,0,25,0.0,0.0
